"Дата";"Пультовой номер";"Адрес";"Округ";"Наименование";"Доп. информация";"ФИО техника";"Статус заявки";"Что сделано, отчет техника/инженера по месту";"Комментарий инженера";"Latitude";"Longitude";"Ссылка";"-";"-";"-";"-";"-";"-";"-"
"11.01.2024";"21084";"Москва Красностуденческий проезд 9 кв 3 код подъезда 90к7849";"Тимирязевская";"Квартира Леванова Н В";"нкс";"непонятно";"не назначено";"-";"-";"55.824369";"37.565066";"-";"-";"-";"-";"-";"-";"-";"Канаев"
"11.01.2024";"95075";"г. Москва, ул. Пресненский Вал, д. 7, Рекламные щиты с огромными экранами";"улица 1905 года ";"ООО ""РАСВЭРО""";" НКС";"-";"не назначено";"-";"-";"55.7673307";"37.5643897";"-";"-";"-";"-";"-";"-";"-";"Кадамшоев"
"11.01.2024";"310226 кр";"п баковка ул. Трудовая 36 ";"-";"Дом культуры п Баковка";"НКС";"-";"не назначено";"-";"-";"55.6826036";"37.3149892";"-";"-";"-";"-";"-";"-";"-";"-"
"08.02.2024";"90909";"Москва ул Земляной Вал 23 стр 1 кв 3 ";"Курская";"квартира";"нкс";"-";"не назначено";"-";"-";"55.7600372";"37.6582099";"#29783077";"-";"-";"-";"-";"-";"-";"Шатохин"
"15.03.2024";"32155";"НАО Москвы поселение Воскресенское дер Городище ул Ямская 11";"Потапово";"Ахмед Шабир коттедж ";"потери связи ";"Даниелян 15.05.2025";"назначено";"-";"-";"55.5328539";"37.448643";"-";"-";"-";"-";"-";"-";"-";"-"
"19.03.2024";"81217";"Ак.Варги д.1 кв.259";"Тропарево";"Квартира";"неисправность 1 зоны";"-";"не назначено";"-";"-";"55.6309903";"37.4798813";"-";"-";"-";"-";"-";"-";"-";"Савинов"
"21.03.2024";"137024";"Краснопресненскаянаб .2/1 напротив поз.3";"Краснопресненская";"Рекламный Щит";"НКС";"-";"не назначено";"-";"-";"55.7546024";"37.5690016";"-";"-";"-";"-";"-";"-";"-";"-"
"21.03.2024";"300029";"Кубинка СНТ ""Кубинка-М"", 6-й проезд д.126";"Кубинка";"Коттедж Денисова Л.В,";"отказы по 5,2,70 зонам";"даниелян 15.05.25 ";"назначено";"-";"-";"55.5424646";"36.6924939";"#33132668";"-";"-";"-";"-";"-";"-";"-"
"21.03.2024";"310259";"г.Одинцово, д.Мамоново, ул. Вокзальная д.39";"Одинцово";"Коттедж Клименко А.М.";"заменить АБ 18 зоны";"-";"не назначено";"-";"-";"55.6850817";"37.3171002";"-";"-";"-";"-";"-";"-";"-";"-"
"22.03.2024";"310335";"МО, Одинцовский гор.окр., г. Звенигород, ул. Радужная, д. 17 (рядом с ним)";"Звенигород";"Водонасосная станция ""Южное""";"потери связи с 21,22,23,24";"Дурновцев 15.05.2025";"назначено";"-";"-";"55.7027195";"36.8615636";"#33163112";"-";"-";"-";"-";"-";"-";"-"
"27.03.2024";"91845";"Тверская область г Кимры ул Кирова 30/16";"Кимры";"Магазин Цыпа ИП Жукова Ю А";"неисправность батареи датч 17";"-";"назначено";"-";"-";"56.8753101";"37.3566019";"#33140616";"-";"-";"-";"-";"-";"-";"-"
"08.04.2024";"134831";"Ключевая д.16/29";"Алма - Атинская";"Кладовка Складно ИП Львов Е.А.";"Потери связи постоянные";"-";"не назначено";"-";"-";"55.6344476";"37.7602897";"-";"-";"-";"-";"-";"-";"-";"-"
"10.04.2024";"95051";"Москва Саввинская набережная 5";"Киевская";"Рекламный экран билборд ООО РАСВЭРО";"шс 17 неисправность + акб прибора + НКС";"-";"не назначено";"-";"-";"55.737744";"37.5706849";"-";"-";"-";"-";"-";"-";"-";"-"
"12.04.2024";"35231";"Одинцовский р-н, д/х ""Жуковка"", д.2 , квартира 12 А ";"-";"Квартира";"заменить сим";"-";"не назначено";"-";"-";"55.735111";"37.2573244";"-";"-";"-";"-";"-";"-";"-";"-"
"26.04.2024";"7825";"Ногинский р-н, СНТ Горелый лес, ул. Беговая, уч. 1374";"Ногинск";"Коттедж";"НКС";"-";"не назначено";"Гавриков Андрей Игоревич +79166499721";"-";"55.7770044";"38.3723746";"#33173888";"-";"-";"-";"-";"-";"-";"-"
"02.05.2024";"40207";"Столешников пер 7 строение 1";"Тверская ";" Магазин ПИК Соувэни ООО Траектория Москва ";"потери связи";"-";"не назначено";"-";"-";"55.7629802";"37.6143057";"#33153871";"-";"-";"-";"-";"-";"-";"-"
"08.05.2024";"90021";"деревня Малые Вязёмы";"Одинцово";"Котельная";"отладить тесты";"-";"не назначено";"-";"-";"55.6297289";"37.0213544";"-";"-";"-";"-";"-";"-";"-";"-"
"08.05.2024";"93021";"село Молоково, Революционная улица, 27";"Молоково";"Склад Драгун В.С.";"НКС";"-";"не назначено";"-";"-";"55.5575747";"37.8671461";"-";"-";"-";"-";"-";"-";"-";"-"
"08.05.2024";"310341";"Звенигород, улица Лермонтова, вл39";"Звенигород";"ООО Экосервис Насосная станция";"неисправность СН радио";"Дурновцев 16.05.2025";"назначено";"-";"-";"55.7412737";"36.8500133";"-";"-";"-";"-";"-";"-";"-";"-"
"08.05.2024";"1506";"ЖК Дубровка пер Кленовый д 2 кв 8";"Домодедово";"Квартира Горбань Е.Ю. ";"НКС";"-";"не назначено";"Горбань Елена Юрьевна 8-916-872-58-73";"-";"55.5722572";"37.4504492";"#33173217";"-";"-";"-";"-";"-";"-";"-"
"14.05.2024";"39007";"Варшавское шоссе 143 корп 1";"Анино ";"Студия красоты Нэйлс Ап ИП Малахова К М";"тревога тампера 701";"???";"не назначено";"-";"-";"55.5832782";"37.5994472";"#29594977";"-";"-";"-";"-";"-";"-";"-"
"16.05.2024";"22097";"Волоколамское шоссе 71 корпус 4 ";"Спартак ";"Винотека Вайн энд виски ООО Вайн энд вайн";" неисправность шл 7";"???";"не назначено";"-";"-";"55.8366619";"37.2894091";"-";"-";"-";"-";"-";"-";"-";"-"
"16.05.2024";"81161";"Госпитальный вал, д.3-91";"ПЛощадь Ильича";"Квартира";"проверить АБ 2, 3 зон";"-";"не назначено";"Лисицкая Ольга Вячеславовна 7(916)172-36-31";"-";"55.7708458";"37.7039519";"#29602593";"-";"-";"-";"-";"-";"-";"-"
"22.05.2024";"310135";"коттеджный посёлок Рузские Просторы, Земляничная улица, 26";"Руза";"Коттедж Гутковский И.Н. ""Рузские Просторы""";"заменить  АКБ,тампер";"Даниелян 21.05.2025";"назначено";"-";"-";"55.696152";"36.2098078";"#33132724";"-";"-";"-";"-";"-";"-";"-"
"23.05.2024";"132921";"село Новосёлки, вл19с5";"-";"Склад ООО ПЭК";"НКС";"-";"не назначено";"-";"-";"55.1344379";"37.547721";"#33174289";"-";"-";"-";"-";"-";"-";"-"
"24.05.2024";"132655";"6-я Радиальная д. 7 стр. 43.";"Царицино";"АВОСЬКА";"долбит тревога по 2 зоне/востановить";" ";"не назначено";"Invalid Date";"-";"55.6040593";"37.6807243";"#29590902";"-";"-";"-";"-";"-";"-";"-"
"30.05.2024";"81236";"деревня Суханово, 148";"-";"Коттедж УК Суханово Парк"" Битаровой Кристины Алановны";"проверить 12 зону";"-";"не назначено";": Битарова Кристина Алановна 79257705555";"-";"55.518775";"37.654008";"-";"-";"-";"-";"-";"-";"-";"-"
"03.06.2024";"90172";"Москва Новинский бульвар 8";"Смоленская";"Рекламный экран билборд ООО РАСВЭРО";"НКС";"1";"не назначено";"-";"-";"55.7512181";"37.5846061";"-";"-";"-";"-";"-";"-";"-";"-"
"03.06.2024";"90191";"Москва ул Тверская 26";"Маяковская";"Рекламный экран билборд ООО Расвэро";"НКС";"1";"не назначено";"-";"-";"55.7686126";"37.5998783";"#33159852";"-";"-";"-";"-";"-";"-";"-"
"03.06.2024";"90845";"Москва ул Полянка Б 11/14 стр 1 напротив";"Полянка";"Рекламный экран билборд ООО Расвэро";"НКС";"1";"не назначено";"-";"-";"55.7400244";"37.6176863";"#29602573";"-";"-";"-";"-";"-";"-";"-"
"03.06.2024";"32088";" Домодедовский район п/о санаторий";"Домомдедово ";" Подмосковье Русская Многоуровневая Школа";"заменить АКБ";"???";"не назначено";"-";"-";"55.372841";"37.758716";"#33160495";"-";"-";"-";"-";"-";"-";"-"
"03.06.2024";"81207";"МО Ленинский район д Лопатино 29";"-";"Коттедж Зудин В.Б";"потери 6,7 зон";"-";"не назначено";" Зудин Владимир Борисович 8-915-119-96-74";"-";"55.527402";"37.64321";"-";"-";"-";"-";"-";"-";"-";"-"
"14.06.2024";"133766";"проезд Ферганский, д. 7, к. 2, кв. 74";"Юговосточная ";"Крюкова Т.В. (квартира)";"постоянные потери связи, + проверить датчики";"-";"не назначено";"-";"-";"55.6945121";"37.8219691";"#33162193";"-";"-";"-";"-";"-";"-";"-"
"19.06.2024";"300029";"Кубинка СНТ""Кубинка-М"", ул. 6-й проезд, д.126";"Кубинка";"Коттедж";"разряд АБ 2,5 зоны";"Даниелян 15.05.2025";"назначено";"-";"-";"55.5424646";"36.6924939";"#33132668";"-";"-";"-";"-";"-";"-";"-"
"19.06.2024";"192470";" Борисовские пруды влад 2 пост 1";"Чертаново";"Спортивный интернат Чертаново";" одна ктс не проходит";"-";"не назначено";"ОХРАНА 8-916-233-72-41";"-";"55.6338749";"37.7079805";"-";"-";"-";"-";"-";"-";"-";"-"
"21.06.2024";"22108";"Лосино- Петровский,рп. Свердловский,ул. Заречная 7,";"Лосино петрвоский";"ИП Сытник Максим Викторович, пвз ОЗОН";"заменить АКБ";"-";"не назначено";"-";"-";"55.899941";"38.148638";"#33613127";"-";"-";"-";"-";"-";"-";"-"
"24.06.2024";"136907";"Москва, Новинский бульвар, 8 ";"Смоленская";"Маркет Операции";"заменть Астру 321, Дурновцев ездил, отключил";"???";"не назначено";"-";"-";"55.7514669";"37.5848928";"#33166855";"-";"-";"-";"-";"-";"-";"-"
"08.07.2024";"32523";"г. Москва, ул. Миклухо Маклая 40 корп. 1, кв. 152";"Беляево ";"Квартира";"Потеря связи с ППК";"???";"не назначено";"-";"-";"55.638766";"37.5385817";"-";"-";"-";"-";"-";"-";"-";"-"
"11.07.2024";"1492";"Тверская область Селижаровский район д Завирье ул Озерная 17 стр 10";"Завирье";"Коттедж База отдыха Волго КТС на КПП";"НКС";"-";"не назначено";"-";"-";"56.9267885";"33.1970062";"#33165626";"-";"-";"-";"-";"-";"-";"-"
"11.07.2024";"81207";"МО Ленинский район д Лопатино 29";"Лопатино";"Коттедж Зудин В.Б.";"Потерия связи с радиоизвещателем 1-6, Разряд АКБ радиоизвещателя 1-4";"-";"не назначено";"-";"-";"55.527402";"37.64321";"-";"-";"-";"-";"-";"-";"-";"-"
"11.07.2024";"90837";"Москва ул Сретенский бульвар 5";"Сретенский бульвар";"Рекламный экран билборд ООО Расвэро";"с 10.07 отсутс 220.потеря связи + АКБ прибора";"-";"не назначено";"-";"-";"55.7668998";"37.633517";"-";"-";"-";"-";"-";"-";"-";"-"
"12.07.2024";"39087";"Москва п Первомайское ДСК Советский Писатель Восточная аллея 4";"Первомайское";"Коттедж Абайдуллина Э В ЧОП Синяя Птица";"постоянные аварии GPRS";"-";"не назначено";"-";"-";"55.5074513";"37.3067268";"#33162255";"-";"-";"-";"-";"-";"-";"-"
"16.07.2024";"310135";"коттеджный посёлок Рузские Просторы, 2-й Солнечный переулок, 2";"Рузские просторы";"Коттедж Гутковский И.Н. ""Рузские Просторы""";"потери связи";"-";"не назначено";"-";"-";"55.9614204";"36.3758434";"#33132724";"-";"-";"-";"-";"-";"-";"-"
"23.07.2024";"90350";"Ленинский район д Дыдылдино СНТ Колхозник 1 81";"Дыдылдино";"Дом трудолюбия Ной ИП Сосинский Э В";"АКБ";"-";"не назначено";"-";"-";"55.540171";"37.7415617";"#33173628";"-";"-";"-";"-";"-";"-";"-"
"07.08.2024";"85318";"деревня Суханово, 56";"Суханово";"Коттедж ""УК Суханово Парк"" Маслова Н.В.";"-";"-";"не назначено";"-";"-";"55.5240058";"37.6425042";"#33175313";"-";"-";"-";"-";"-";"-";"-"
"07.08.2024";"95042";"Москва Краснопресненская набережная 3";"Деловой центр";"Рекламный экран билборд ООО Расвэро";"корпус прибора  + АКБ";"-";"не назначено";"-";"-";"55.7513359";"37.5521711";"-";"-";"-";"-";"-";"-";"-";"-"
"07.08.2024";"95066";"Москва ул Новый Арбат 32";"-";"Рекламный экран билборд ООО Расвэро";"корпус прибора";"-";"не назначено";"-";"-";"55.753379";"37.5806812";"-";"-";"-";"-";"-";"-";"-";"-"
"23.08.2024";"136789";"Москва, Плавский проезд, 3";"Бутово";" ГБУЗ КДП 121 ДЗМ филиал";"отказы связи, проблемы со связью";"-";"не назначено";"-";"-";"55.54903";"37.5347633";"-";"-";"-";"-";"-";"-";"-";"-"
"02.09.2024";"133708";"улица Бориса Пастернака, 17";"Рассказовка";"Вкусно Хаус";"Потери датчиков";"-";"не назначено";"-";"-";"55.6383103";"37.3256328";"#33159932";"-";"-";"-";"-";"-";"-";"-"
"02.09.2024";"134435";"Ярославль, улица Победы, 41";"Ярославль";"Магазин Групп ГР 6512092 ООО РЕ Трэйдинг";"НКС";"-";"не назначено";"-";"-";"57.627753";"39.871153";"-";"-";"-";"-";"-";"-";"-";"-"
"02.09.2024";"134727";"Москва, Краснопрудная улица, 28";"Красносельская";"Департамент ГОЧС и ПБ г. Москвы (главный вход)";"НКС";"-";"не назначено";"-";"-";"55.7793865";"37.6676819";"-";"-";"-";"-";"-";"-";"-";"-"
"02.09.2024";"134699";"3-я Нововатутинская улица, 2";"Фоминское";"Офис ИП Опейкина И. А";"АКБ прибора";"-";"не назначено";"-";"-";"55.516812";"37.3520512";"-";"-";"-";"-";"-";"-";"-";"-"
"02.09.2024";"131524";"село Жаворонки, 3-я Советская улица, 14В";"с. Жаворонки";"Частный дом Бурлаченко А. Н";"батарейки заменить ";"-";"не назначено";"-";"-";"55.6441148";"37.0961644";"-";"-";"-";"-";"-";"-";"-";"-"
"02.09.2024";"47778";"Лыткарино, улица Степана Степанова, 2";"Лыткарино";"Гараж ГСК 29 бокс 13";"Проблемы с тестами";"-";"не назначено";"-";"-";"55.5778267";"37.9034779";"-";"-";"-";"-";"-";"-";"-";"-"
"02.09.2024";"51344";"Долгопрудный, Зелёная улица, 4";"Долгопрудный";"Храм Сергея Радонежского";"АБ ШС 1/3/4/8 + Тревога ШС 10 ПС";"-";"не назначено";"-";"-";"55.9196375";"37.5213485";"-";"-";"-";"-";"-";"-";"-";"-"
"02.09.2024";"32018";"деревня Фоминское, Московская улица, 10";"Фоминское";"Коттедж Губанок Л. М";"КТС самопроизвольно";"-";"не назначено";"-";"-";"55.5244413";"37.3050618";"-";"-";"-";"-";"-";"-";"-";"-"
"02.09.2024";"90839";"Москва, Тверская улица, 2";"Охотный Ряд";"Рекламный щит билборд ООО Расвэро";"НКС + Неисправность СН - Радио";"-";"не назначено";"-";"-";"55.7573704";"37.6150567";"#29602574";"-";"-";"-";"-";"-";"-";"-"
"03.09.2024";"137069";"Москва, улица Земляной Вал, 27с1";"Курская";"Рекламный щит билборд";"СМК без восстановления, отключен 1 ШС";"-";"не назначено";"-";"-";"55.75866";"37.659106";"-";"-";"-";"-";"-";"-";"-";"-"
"06.09.2024";"32130";"Домодедовский р-н ОПК Бор 163";"Домодедово";"Коттедж Тарасов А. А";"Потеря связи с ППК";"-";"не назначено";"-";"-";"55.3392731";"37.8085337";"#33174490";"-";"-";"-";"-";"-";"-";"-"
"12.09.2024";"137107";"Москва, улица Можайский Вал, 3";"Киевская ";"Магазин ЦентрФуд ИП Хегай А В";"НКС";"-";"не назначено";"-";"-";"55.745241";"37.55811";"-";"-";"-";"-";"-";"-";"-";"-"
"12.09.2024";"310127";"коттеджный посёлок Крёкшино, Клубничная улица, 267";"Крёкшино  ";"Коттедж Гальперин Я.И.";"АКБ прибора + Проблемы с 220 V";"-";"не назначено";"-";"-";"55.5949697";"37.1077157";"-";"-";"-";"-";"-";"-";"-";"-"
"12.09.2024";"90583";"деревня Манушкино, Симферопольская улица, 2";"Чехов ";"Магазин ООО Русморсервис";"НКС + Отключение 220 V + АКБ прибора";"-";"не назначено";"-";"-";"55.1165333";"37.4609242";"-";"-";"-";"-";"-";"-";"-";"-"
"12.09.2024";"310097";"коттеджный посёлок Крёкшино, Клубничная улица, 247";"пос. Крёкшино";"Коттедж Денисов А Н";"АКБ контрольной панели, х/о очень хочет чтоб техник с ним связался Денисов Алексей Николаевич +79255077579";"-";"не назначено";"-";"-";"55.5949697";"37.1077157";"-";"-";"-";"-";"-";"-";"-";"-"
"13.09.2024";"32022";"деревня Городище, Ямская улица, 14";"дер. Городище";"Коттедж Суворов В. Е";"Потеря связи с ППК";"-";"не назначено";"-";"-";"55.5352384";"37.431445";"#33174004";"-";"-";"-";"-";"-";"-";"-"
"13.09.2024";"130141";"Тула, Китаевский проезд, 5";"Тула";"Офис ООО Регион Трейд";"АБ ШС 18/17";"-";"не назначено";"-";"-";"54.1837837";"37.5625844";"-";"-";"-";"-";"-";"-";"-";"-"
"17.09.2024";"310067";"коттеджный посёлок Ричмонд, 38";"Одинцово";"Коттедж Дронов Р И";"замена батареек требуется по просьбе х/о 79096444333 прозвонить заранее, ИК лестница постоянно срабатывает";"-";"не назначено";"-";"-";"55.6749092";"37.0788181";"-";"-";"-";"-";"-";"-";"-";"-"
"07.11.2024";"136980";"МО г Ногинск ул Текстилей 1";"Ногинск";"Пицца ДоДо ООО Н Пицца";"нет постановок";"-";"не назначено";"-";"-";"55.8838508";"38.450337";"-";"-";"-";"-";"-";"-";"-";"-"
"07.11.2024";"130776";"МО Ликино-Дулево, ул, Советская 36";"-";"Магазин Мильстрим ООО Торговый дом Новоритейл";"1 шл + выезд гбр";"-";"не назначено";"-";"-";"55.7224912";"38.9585942";"-";"-";"-";"-";"-";"-";"-";"-"
"14.11.2024";"1282 А31 нет";"жилой комплекс Суханово Парк, 29, деревня Суханово ";"-";"Таунхаус Панишев";"НКС";"-";"не назначено";"-";"-";"55.5240058";"37.6425042";"-";"-";"-";"-";"-";"-";"-";"-"
"14.11.2024";"1492 А 31 кр";"Озёрная улица, 17с10, деревня Завирье, Селижаровский муниципальный округ, Тверская область ";"-";"база отдыха Волго";"НКС";"-";"не назначено";"-";"-";"56.9302641";"33.18657";"-";"-";"-";"-";"-";"-";"-";"-"
"14.11.2024";"1506 А 34 нет";"Ясеневая улица, 5, деревня Сосенки, район Коммунарка, Новомосковский административный округ, Москва ";"Ольховая ";"Квартира Горбань";"НКС";"-";"не назначено";"-";"-";"55.5683159";"37.441879";"-";"-";"-";"-";"-";"-";"-";"-"
"22.05.2025";"13";"Москва, п первомайскоед фоминское согласие 1 ул дальняя уч 7 Вд3 ";"-";"Коттедж Кронова";"НКС";"-";"не назначено";"-";"-";"55.5237532";"37.3179122";"https://durnovcev2000.kaiten.ru/33147992";"-";"-";"-";"-";"-";"-";"-"
"14.11.2024";"1521 А 34 нет";"Весенняя улица, 9, деревня Городище, район Коммунарка, Новомосковский административный округ, Москва ";"Коммунарка ";"Коттедж Ханна";"НКС";"-";"не назначено";"-";"-";"55.4709989";"37.5355769";"-";"-";"-";"-";"-";"-";"-";"-"
"14.11.2024";"1539 А 31 кр";"Калужское шоссе, 21-й километр, район Коммунарка, Новомосковский административный округ, Москва ";"Теплый стан ";"Леди и джентельмены";"НКС";"-";"не назначено";"-";"-";"55.562252";"37.4407489";"-";"-";"-";"-";"-";"-";"-";"-"
"14.11.2024";"1579 А 31 нет";"Одинцово, ул сколковская 1А ";"-";"ПВЗ сколковская";"НКС";"-";"не назначено";"-";"-";"55.693632";"37.324765";"-";"-";"-";"-";"-";"-";"-";"-"
"14.11.2024";"1596";"Москва, ул молодёжная 6 ";"Университет ";"дзаги гроу магазин";"НКС";"-";"не назначено";"-";"-";"55.6954167";"37.5464067";"#33153823";"-";"-";"-";"-";"-";"-";"-"
"14.11.2024";"7825 А 31 нет";"СНТ Горелый Лес, 1374, городской округ Электросталь, Московская область ";"-";"коттедж Гавриков";"НКС";"-";"не назначено";"-";"-";"55.7770044";"38.3723746";"-";"-";"-";"-";"-";"-";"-";"-"
"14.11.2024";"7853 А 46 кр";"р п Боброво, улю крымская 3 к1 ";"-";"Квартира Морозова 73 кв";"НКС";"-";"не назначено";"-";"-";"55.5264575";"37.6225849";"-";"-";"-";"-";"-";"-";"-";"-"
"14.11.2024";"8408 А 39 отключен";"Москва, мичуринский проспект 25 к1 ";"Раменки ";"Салон красоты блеск";"НКС";"-";"не назначено";"-";"-";"55.696637";"37.502731";"-";"-";"-";"-";"-";"-";"-";"-"
"14.11.2024";"8418 кр";"Королёв, мкр болшево ул чкаловская 3/2 ";"-";"Коттеджбобров";"НКС";"-";"не назначено";"-";"-";"55.9250706";"37.8851017";"-";"-";"-";"-";"-";"-";"-";"-"
"14.11.2024";"39010 А 31";"Москва, комсомольский проспект 14/1 к3 ";"Парк культуры ";"Выставочный зал";"НКС";"-";"не назначено";"-";"-";"55.731464";"37.5892669";"-";"-";"-";"-";"-";"-";"-";"-"
"14.11.2024";"39083 А 25 снят 11.08";"МО деревня ямонтово, улица солнечная 4 ";"-";"Коттедж Солгалов";"НКС";"-";"не назначено";"-";"-";"56.0075362";"37.8019818";"-";"-";"-";"-";"-";"-";"-";"-"
"14.11.2024";"39608 А 29 кр";"МО поселок набережный ул. Беговая 17 ";"-";"Таунхаус Аронова";"НКС";"-";"не назначено";"-";"-";"55.7817767";"37.5600634";"-";"-";"-";"-";"-";"-";"-";"-"
"14.11.2024";"81146 кр";"Брюсов 8-10 ";"Охотный ряд ";"ЖСК Педагогов Московской Консерватории подъезд 3";"НКС";"-";"не назначено";"-";"-";"55.759729";"37.608778";"-";"-";"-";"-";"-";"-";"-";"-"
"14.11.2024";"81691 кр";"Москва, брюсов переулок 15/2 ";"Охотный ряд ";"храм";"НКС";"-";"не назначено";"-";"-";"55.7594482";"37.6072992";"-";"-";"-";"-";"-";"-";"-";"-"
"14.11.2024";"81930 акб";"Село Растуново, улю центральная 26 Д ";"-";"храм, постоянные перезапуски";"НКС";"-";"не назначено";"-";"-";"55.2701903";"37.8337641";"-";"-";"-";"-";"-";"-";"-";"-"
"14.11.2024";"83135 А 31 кр";"Балашиха, улица текстильщиков 4 ";"-";"автолидер";"НКС";"-";"не назначено";"-";"-";"55.811637";"37.9607467";"-";"-";"-";"-";"-";"-";"-";"-"
"14.11.2024";"84861 А 36 кр";"Москва, 1-я Миусская 2 ";"Новослободская ";"Клиника семейный доктор";"НКС";"-";"не назначено";"-";"-";"55.7778534";"37.5977234";"-";"-";"-";"-";"-";"-";"-";"-"
"14.11.2024";"90024 нет";"Москва, южнобутовская 75";"улица Горчакова ";"ООО промлес керамическая плитка";"НКС";"-";"не назначено";"-";"-";"55.534821";"37.526321";"-";"-";"-";"-";"-";"-";"-";"-"
"14.11.2024";"90910";"Москва, улица народного ополчения 28 к1 ";"Народное Ополчение ";"Квартира 375";"НКС";"-";"не назначено";"-";"-";"55.781489";"37.481271";"#29781162";"-";"-";"-";"-";"-";"-";"-"
"14.11.2024";"91026 А26 кр";"п. Вешки, улица заводская 3Б ";"-";"Склад";"НКС";"-";"не назначено";"-";"-";"55.9260707";"37.6122308";"-";"-";"-";"-";"-";"-";"-";"-"
"14.11.2024";"91053 А 39 кр";"Первомайская улица, 19, Лыткарино, Московская область ";"-";"Квартира 74";"НКС";"-";"не назначено";"-";"-";"55.5846665";"37.9011732";"-";"-";"-";"-";"-";"-";"-";"-"
"14.11.2024";"137580 теряет связь";"Москва, петровско разумовский проезд 24 к2";"Дмитровская";"Складно, плохая связь";"НКС";"-";"не назначено";"-";"-";"55.80189499999999";"37.5648311";"-";"-";"-";"-";"-";"-";"-";"-"
"14.11.2024";"137608 кр";"Красногорск, ул Алябьева 3 ";"-";"Офис продаж";"НКС";"-";"не назначено";"-";"-";"55.7419421";"37.4875146";"-";"-";"-";"-";"-";"-";"-";"-"
"14.11.2024";"137632 А31";"Котельники, парковый 1 к21 ";"-";"Детский центр смарти кидс";"НКС";"-";"не назначено";"-";"-";"55.648831";"37.874567";"-";"-";"-";"-";"-";"-";"-";"-"
"14.11.2024";"137641 нет";"41 км мкад ";"-";"Про обои";"НКС";"-";"не назначено";"-";"-";"55.6909315";"37.4130217";"-";"-";"-";"-";"-";"-";"-";"-"
"14.11.2024";"137697 А26";"П совхоза, им ленина 7Б ";"-";"Фитнес клуб";"НКС";"-";"не назначено";"-";"-";"55.583665";"37.7350772";"-";"-";"-";"-";"-";"-";"-";"-"
"14.11.2024";"137780";"потери связи ";"-";"КНП озерки";"НКС";"-";"не назначено";"-";"-";"55.755864";"37.617698";"#34690405";"-";"-";"-";"-";"-";"-";"-"
"14.11.2024";"137943";"плохая связь ";"-";"Складно";"НКС";"-";"не назначено";"-";"-";"55.755864";"37.617698";"#35452956";"-";"-";"-";"-";"-";"-";"-"
"14.11.2024";"137944 кр";"Москва. Трофимова 22 к1 ";"Автозаводская ";"Склад, откл 220";"НКС постоянные отключения 220";"-";"не назначено";"-";"-";"55.702119";"37.6755589";"-";"-";"-";"-";"-";"-";"-";"-"
"14.11.2024";"138036 кр";"Москва, Новый арбат 3 стр1 ";"Арбатская ";"Мос табак";"НКС";"-";"не назначено";"-";"-";"55.7526362";"37.5983466";"-";"-";"-";"-";"-";"-";"-";"-"
"14.11.2024";"138049 теряет связь";"Леонтьевская улица, 3, деревня 2-я Пятилетка, городской округ Ступино, Московская  область";"-";"Гараж, потери связи";"НКС";"-";"не назначено";"-";"-";"55.0895872";"38.2395215";"-";"-";"-";"-";"-";"-";"-";"-"
"14.11.2024";"138101";"москва проезд Кадомцева 15";"-";"Кладовка Складно ИП Романов С А";"НКС";"-";"не назначено";"-";"-";"55.8277783";"37.6636649";"#38136988";"-";"-";"-";"-";"-";"-";"-"
"14.11.2024";"151454 А 36 кр";"Дзержинский улица томилинская 7 ";"-";"Авоська, откл 220";"НКС";"-";"не назначено";"-";"-";"55.6276734";"37.862139";"-";"-";"-";"-";"-";"-";"-";"-"
"14.11.2024";"151460 А40 кр";"Москва, Улица Вавилова 6 ";"Ленинский проспект ";"Пекарня";"НКС";"-";"не назначено";"-";"-";"55.7079053";"37.5881085";"-";"-";"-";"-";"-";"-";"-";"-"
"14.11.2024";"190442 теряет связь";"Москва, адмирала Руднева 20 ";"Бунинская аллея ";"ООО арника";"НКС";"-";"не назначено";"-";"-";"55.5403472";"37.516147";"-";"-";"-";"-";"-";"-";"-";"-"
"14.11.2024";"191252 кр";"Москва, рублёвское шоссе 89 ";"Молодежная ";"Квартира Коваль 249 5 эт";"НКС";"-";"не назначено";"-";"-";"55.7398464";"37.4291634";"-";"-";"-";"-";"-";"-";"-";"-"
"14.11.2024";"194125 А44 кр";"Москва, Вернадского 109 ";"Юго-Западная ";"Библиотека";"НКС";"-";"не назначено";"-";"-";"55.661502";"37.483754";"-";"-";"-";"-";"-";"-";"-";"-"
"14.11.2024";"194130 А44 кр";"Москва, рублевское шоссе 26 к4 ";"Молодежная ";"Библиотека";"НКС";"-";"не назначено";"-";"-";"55.7454821";"37.4257549";"-";"-";"-";"-";"-";"-";"-";"-"
"14.11.2024";"194199 переустановка";"Москва, Зельев переулок 3 ";"Преображенская площадь ";"ГБУ постоянные перезапуски";"НКС";"-";"не назначено";"-";"-";"55.8016534";"37.7195507";"-";"-";"-";"-";"-";"-";"-";"-"
"14.11.2024";"301007 кр";"ПЖСК лесной простор 3 д8 ";"-";"Коттедж Мазуров";"НКС";"-";"не назначено";"-";"-";"55.700052";"37.117074";"-";"-";"-";"-";"-";"-";"-";"-"
"14.11.2024";"310110 кр";"д Хаустово д 14 ";"-";"Коттедж Федорчук";"НКС";"-";"не назначено";"-";"-";"55.7444944";"36.6380947";"-";"-";"-";"-";"-";"-";"-";"-"
"14.11.2024";"310111 кр";"Одинцово, ул. Чикина 12 ";"-";"Квартира федорчук кв 258";"НКС";"-";"не назначено";"-";"-";"55.6864111";"37.2909953";"-";"-";"-";"-";"-";"-";"-";"-"
"14.11.2024";"310160 кр";"Новоивановское ул. Агрохимиков 19 ";"-";"Квартира Чеканова кв10 2 эт";"НКС";"-";"не назначено";"-";"-";"55.7027404";"37.3634055";"-";"-";"-";"-";"-";"-";"-";"-"
"14.11.2024";"310167 А 43 кр";"коттеджный посёлок Лесные Просторы, 45, Можайский городской округ, Московская область ";"-";"Коттедж Мандырка";"НКС";"дурновцев 03.06.25";"назначено";"-";"-";"55.6929033";"35.9948881";"-";"-";"-";"-";"-";"-";"-";"-"
"14.11.2024";"310250 кр";"коттеджный посёлок Европа-1 ";"-";"Коттедж Гисаев";"НКС";"-";"не назначено";"-";"-";"55.7514259";"37.0919399";"-";"-";"-";"-";"-";"-";"-";"-"
"14.11.2024";"91440 А39 кр";"Рабочий поселок большие вяземы 144 ";"-";"ГК Вяземград";"НКС";"-";"не назначено";"-";"-";"55.6257336";"36.9832955";"-";"-";"-";"-";"-";"-";"-";"-"
"14.11.2024";"91870 А39 теряет связь";"Люберцы, малаховка улица рельсовая 3А ";"-";"Хлебница";"НКС";"-";"не назначено";"-";"-";"55.6443655";"38.0092668";"-";"-";"-";"-";"-";"-";"-";"-"
"14.11.2024";"94201";"Вработе у Батыра ";"-";"-";"НКС";"-";"не назначено";"-";"-";"55.755864";"37.617698";"#33162560";"-";"-";"-";"-";"-";"-";"-"
"14.11.2024";"94274 кр";"Москва. Севастопольский проспект 27 к2 ";"Крымская ";"Парижская комунна ранее 20274";"НКС";"-";"не назначено";"-";"-";"55.6765217";"37.5925699";"-";"-";"-";"-";"-";"-";"-";"-"
"14.11.2024";"95008 А43 кр";"поселок Загорянский улица школьная 22 ";"-";"Коттедж третьяков";"НКС";"-";"не назначено";"-";"-";"55.9309123";"37.912196";"-";"-";"-";"-";"-";"-";"-";"-"
"14.11.2024";"136302 А26 кр";"поселение десеновское улица гренадерская 9 к1 ";"-";"Табак дым";"НКС";"-";"не назначено";"-";"-";"55.5096323";"37.3503647";"-";"-";"-";"-";"-";"-";"-";"-"
"14.11.2024";"136789 А44 нкс";"Москва, плавский проезд 3 ";"бульвар Адмирала Ушакова ";"КХН";"НКС";"-";"не назначено";"-";"-";"55.54903";"37.5347633";"-";"-";"-";"-";"-";"-";"-";"-"
"14.11.2024";"136795";"аптека апрель, плохая связь ";"-";"-";"НКС";"-";"не назначено";"-";"-";"55.755864";"37.617698";"-";"-";"-";"-";"-";"-";"-";"-"
"14.11.2024";"137002 А31 кр";"Москва, давыдковская 19 ";"Давыдково ";"Храм";"НКС";"-";"не назначено";"-";"-";"55.7202231";"37.4647046";"-";"-";"-";"-";"-";"-";"-";"-"
"01.04.2025";"137007";"Москва, тверской бульвар 28 ";"Пушкинская ";"Билборд";"НКС";"-";"не назначено";"-";"-";"55.7641953";"37.6055755";"https://durnovcev2000.kaiten.ru/";"-";"-";"-";"-";"-";"-";"-"
"14.11.2024";"137024 А7 кр";"Москва, краснопресненская набережная 2/1 ";"Краснопресненская ";"Билборд";"НКС";"-";"не назначено";"-";"-";"55.7548993";"37.5681944";"-";"-";"-";"-";"-";"-";"-";"-"
"14.11.2024";"137036 А40 кр";"Москва, проезд михайловский 6 ";"Волгоградский проспект ";"Пункт приёма металла";"НКС";"-";"не назначено";"-";"-";"55.4968586";"37.1311274";"-";"-";"-";"-";"-";"-";"-";"-"
"14.11.2024";"137107 А31 кр";"Москва, можайский вал 3 ";"Киевская ";"Центр фуд";"НКС";"-";"не назначено";"-";"-";"55.745241";"37.55811";"-";"-";"-";"-";"-";"-";"-";"-"
"14.11.2024";"137180 А40 кр";"Москва, сходненский тупик владение 2 ";"Тушинская ";"Пункт приёма металла";"НКС";"-";"не назначено";"-";"-";"55.8296586";"37.429699";"-";"-";"-";"-";"-";"-";"-";"-"
"14.11.2024";"90115 А 7 кр";"Москва, ул садовая/ кудринская 8/12 ";"Баррикадная ";"Билборд";"НКС";"-";"не назначено";"-";"-";"55.7615013";"37.5869639";"-";"-";"-";"-";"-";"-";"-";"-"
"14.11.2024";"90161 А 7 кр";"Москва, валовая 26 ";"Павелецкая ";"Билборд";"НКС";"-";"не назначено";"-";"-";"55.7307567";"37.6281993";"-";"-";"-";"-";"-";"-";"-";"-"
"14.11.2024";"90165 А7 кр";"Москва, земляной вал 8 ";"Курская ";"Билборд";"НКС";"-";"не назначено";"-";"-";"55.7621764";"37.6566977";"-";"-";"-";"-";"-";"-";"-";"-"
"14.11.2024";"90168 А7 кр";"Москва. Крымский вал 3 ";"Октябрьская ";"Билборд";"НКС";"-";"не назначено";"-";"-";"55.7297565";"37.6103419";"-";"-";"-";"-";"-";"-";"-";"-"
"14.11.2024";"90169 А7 кр";"Москва, Неглинная 8 ";"Кузнецкий мост ";"Билборд";"НКС";"-";"не назначено";"-";"-";"55.7615975";"37.6203885";"-";"-";"-";"-";"-";"-";"-";"-"
"14.11.2024";"90170 А7 кр";"Москва, никитский бульвар. чётная сторона 30 метров после пересечения с ул. Воздвиженка ";"Арбатская ";"Билборд";"НКС";"-";"не назначено";"-";"-";"55.75274";"37.6062261";"-";"-";"-";"-";"-";"-";"-";"-"
"14.11.2024";"90172 А7 кр";"Москва, новинский бульвар 8 ";"Смоленская ";"Билборд";"НКС";"-";"не назначено";"-";"-";"55.7514669";"37.5848928";"-";"-";"-";"-";"-";"-";"-";"-"
"14.11.2024";"90184 А7 кр";"Москва, сановая-сухаревская 2/34 ";"Цветной бульвар ";"Билборд";"НКС";"-";"не назначено";"-";"-";"55.773231";"37.631109";"-";"-";"-";"-";"-";"-";"-";"-"
"14.11.2024";"90187 А7 кр";"Москва, страстной бульвар 16 ";"Чеховская ";"Билборд";"НКС";"-";"не назначено";"-";"-";"55.7677992";"37.6134447";"-";"-";"-";"-";"-";"-";"-";"-"
"14.11.2024";"90460 А7 нет";"Москва, Николямская 45 с1 ";"Марксистская ";"Билборд";"НКС";"-";"не назначено";"-";"-";"55.7472507";"37.6629011";"-";"-";"-";"-";"-";"-";"-";"-"
"14.11.2024";"90828 А7 кр";"Москва, улю мясницкая 39 ";"Тургеневская ";"Билборд";"НКС";"-";"не назначено";"-";"-";"55.767365";"37.6417539";"-";"-";"-";"-";"-";"-";"-";"-"
"14.11.2024";"90844 А7 кр";"Москва, Космодамианская набережная 22 с1 ";"Новокузнецкая ";"Билборд";"НКС";"-";"не назначено";"-";"-";"55.743218";"37.641143";"-";"-";"-";"-";"-";"-";"-";"-"
"14.11.2024";"95028 А7 кр";"Москва, 1 дубровская 1с1 ";"Пролетарская ";"Билборд";"НКС";"-";"не назначено";"-";"-";"55.729508";"37.669324";"-";"-";"-";"-";"-";"-";"-";"-"
"14.11.2024";"95032 А7 кр";"Москва, проспект академика Сахарова нечетная сторона 185м п/п даев переулок ";"Сухаревская ";"Билборд";"НКС";"-";"не назначено";"-";"-";"55.768897";"37.641432";"-";"-";"-";"-";"-";"-";"-";"-"
"14.11.2024";"95034 А7 кр";"Москва, садовая каретная 10 ";"Чеховская ";"Билборд";"НКС";"-";"не назначено";"-";"-";"55.771692";"37.608311";"-";"-";"-";"-";"-";"-";"-";"-"
"14.11.2024";"95039 А7 кр";"Москва, смоленский бульвар 12 ";"Парк культуры ";"Билборд";"НКС";"-";"не назначено";"-";"-";"55.7412495";"37.5855319";"-";"-";"-";"-";"-";"-";"-";"-"
"14.11.2024";"95045 А7 кр";"Москва. Красная пресня 1-7 ";"Краснопресненская ";"Билборд";"НКС";"-";"не назначено";"-";"-";"55.7604859";"37.5748932";"-";"-";"-";"-";"-";"-";"-";"-"
"14.11.2024";"95048 А7 кр";"Москва, новый арбат 10 ";"Арбатская ";"Билборд";"НКС";"-";"не назначено";"-";"-";"55.753154";"37.594045";"-";"-";"-";"-";"-";"-";"-";"-"
"14.11.2024";"95050 А7 кр";"Москва, крымский вал 8 ";"Октябрьская ";"Билборд";"НКС";"-";"не назначено";"-";"-";"55.7311035";"37.6092334";"-";"-";"-";"-";"-";"-";"-";"-"
"14.11.2024";"95053 А7 кр";"Москва, оружейный проезд 25 ";"Маяковская ";"Билборд";"НКС";"-";"не назначено";"-";"-";"55.772515";"37.601853";"-";"-";"-";"-";"-";"-";"-";"-"
"14.11.2024";"95054 А7 кр";"Москва, краснопресненская набережная 3 ";"Деловой центр ";"Билборд";"НКС";"-";"не назначено";"-";"-";"55.751338";"37.552203";"-";"-";"-";"-";"-";"-";"-";"-"
"14.11.2024";"95069 А7 кр";"Москва, саввинская набережная 21А с1 ";"Лужники ";"Билборд";"НКС";"-";"не назначено";"-";"-";"55.7336519";"37.5641978";"-";"-";"-";"-";"-";"-";"-";"-"
"18.11.2024";"310343";"МО Можайский г о ДНП Можайская Слобода на территории поселка";"Можайск";"Бытовка кунг АО Уфанет См. Комм.!!!)";"разряд акб.неисправность датч 17";"ковалев 24.04.25 ";"назначено";"-";"-";"55.4981912";"36.0383428";"-";"-";"-";"-";"-";"-";"-";"-"
"18.11.2024";"137853";"Москва МКАД 41 й км ТОГК Славянский мир пассаж 3/4";"МКАД 41 КМ";"Склад ООО Богема";"НКС";"-";"не назначено";"-";"-";"55.644667";"37.8213621";"#36167156";"-";"-";"-";"-";"-";"-";"-"
"19.11.2024";"192287";"МО г Троицк Октябрьский проспект 11";"Троицк";"Филиал 4 Клиентская служба Отделение Фонда пенсионного и социального страхования РФ по г Москве и МО УФК по г.Москве";"2 шл + выезд гбр";"-";"не назначено";"-";"-";"55.476655";"37.295206";"-";"-";"-";"-";"-";"-";"-";"-"
"25.11.2024";"310279 кр";"Немчиновка, улица 2-я запрудная 44 ";"-";"Коттедж Жуков";"НКС";"-";"не назначено";"-";"-";"55.7267591";"37.3691966";"-";"-";"-";"-";"-";"-";"-";"-"
"25.11.2024";"310327";"Одинцовский р-н., в р-не п. Часцы, Можайское шоссе, 50-й километр терр. АБЗ";"Одинцово";"ДЭП-13";"НКС";"-";"не назначено";"-";"-";"55.6254916";"36.8946359";"-";"-";"-";"-";"-";"-";"-";"-"
"25.11.2024";"136191";"Москва ул Болотниковская 31 корпус 1";"Каховская";"Воскресная школа Покровительница при храме преподобной Евфросинии";"НКС ";"-";"не назначено";"-";"-";"55.659099";"37.5913571";"https://durnovcev2000.kaiten.ru/33149097";"-";"-";"-";"-";"-";"-";"-"
"25.11.2024";"136617";" д Пехорка ул Жуковского 44";"люберцы";"Малаховские семейные бани Олейник А С";"НКС";"-";"не назначено";"-";"-";"55.6317127";"37.9741834";"https://durnovcev2000.kaiten.ru/33175819";"-";"-";"-";"-";"-";"-";"-"
"25.11.2024";"138210";"МО г Кашира ул Садовая 16";"Кашира";"Аптека Планета Здоровья ООО ЧИП";"НКС";"-";"не назначено";"-";"-";"54.8437533";"38.2451359";"#39610546";"-";"-";"-";"-";"-";"-";"-"
"25.11.2024";"151671";"Москва МКАД 24 км ТРЦ Вегас";"Домодедовская";"Фитнес центр Ай Лав Фитнес";"НКС";"-";"не назначено";"-";"-";"55.5853332";"37.7221922";"-";"-";"-";"-";"-";"-";"-";"-"
"27.11.2024";"93274";"МО г Одинцово ул Говорова 9 А";"Одинцово";"Хинкальная ООО Баклажан";"НКС";"-";"не назначено";"-";"-";"55.6889895";"37.2931871";"-";"-";"-";"-";"-";"-";"-";"-"
"29.11.2024";"151611";"МО г Балашиха Заводской проезд 4";"Балашиха";"Офис СДЭК ООО СДЭК ГРУПП";"ШС 101 тампер + ШС 4 неисправность + постоянные перезапуски прибора";"-";"не назначено";"-";"-";"55.8053521";"37.9817989";"-";"-";"-";"-";"-";"-";"-";"-"
"29.11.2024";"82245";"ЖК Сух.Парк около парковки";"Суханово";"Автомойка ЖК Суханово Парк";"проблемы с постановкой 89150256771";"-";"не назначено";"-";"-";"55.523473";"37.645573";"-";"-";"-";"-";"-";"-";"-";"-"
"29.11.2024";"91920";"МО г Лыткарино ул Первомайская 23";"Лыткарино";"Клиника Инвитро ООО МедАльянс Рыбинск";"20 ШС Неисправность + АКБ прибора";"-";"не назначено";"-";"-";"55.5854962";"37.9005365";"-";"-";"-";"-";"-";"-";"-";"-"
"29.11.2024";"84053";"ЖК ""Суханово Парк"", д.72/7";"Суханово";"Коттедж ""УК Суханово Парк"" Храмченко Люция Габдулхаевна";"тревоги в зоне многократно";"-";"не назначено";"-";"-";"55.522454";"37.643489";"-";"-";"-";"-";"-";"-";"-";"-"
"29.11.2024";"84036";"МО Ленинский район сп Булатниковское ЖК Суханово парк Парковая 5 пом 1 2";"Суханово";"Салон красоты Зайцева Э Ф";"Тревоги в зоне";"-";"не назначено";"-";"-";"55.521774";"37.653041";"-";"-";"-";"-";"-";"-";"-";"-"
"29.11.2024";"3668";"Москва пер Нижний Сусальный 5 стр 23 эт 1 пом 2 оф 17";"Курская";"Офис ООО Инрем";"Шлейф 7 тампер + 22 ШС потеря контроля по радиочастоте";"-";"не назначено";"-";"-";"55.761416";"37.663084";"#29602653";"-";"-";"-";"-";"-";"-";"-"
"29.11.2024";"24";"МО Щелковский район п Загорянский ул. Школьная 22";"Щелково";"Коттедж Третьяк В А";"НКС";"-";"не назначено";"-";"-";"55.9309123";"37.912196";"#28049182";"-";"-";"-";"-";"-";"-";"-"
"29.11.2024";"90175";"Москва ул Петровка 11";"Кузнецкий мост";"Рекламный экран билборд ООО Расвэро";"НКС";"Савинов 02.04.2025";"не назначено";"-";"-";"55.7629951";"37.6167688";"-";"-";"-";"-";"-";"-";"-";"-"
"29.11.2024";"90193";"Москва Новинский бульвар 25";"Краснопресненская";"Рекламный экран билборд ООО РАСВЭРО";"НКС";"Савинов 02.04.2025";"не назначено";"-";"-";"55.7568692";"37.5834005";"#29789411";"-";"-";"-";"-";"-";"-";"-"
"29.11.2024";"90838";"Москва Страстной бульвар 9";"Чеховская";"Рекламный экран билборд ООО Расвэро";"НКС";"Савинов 02.04.2025";"не назначено";"-";"-";"55.767585";"37.608587";"-";"-";"-";"-";"-";"-";"-";"-"
"29.11.2024";"90842";"Москва Тверской бульвар 10 стр 1";"Арбатская";"Рекламный экран билборд ООО Расвэро";"НКС";"Савинов 02.04.2025";"не назначено";"-";"-";"55.759107";"37.60053";"#33165123";"-";"-";"-";"-";"-";"-";"-"
"29.11.2024";"90843";"Москва пл Таганская напротив дома 10";"Таганская";"Рекламный экран билборд ООО Расвэро";"НКС";"Савинов 02.04.2025";"не назначено";"-";"-";"55.742733";"37.655069";"-";"-";"-";"-";"-";"-";"-";"-"
"29.11.2024";"95006";"Москва ул Астрадамская 15 кв 21";"Дмитровская";"Квартира Дементьева Т А";"НКС";"-";"не назначено";"-";"-";"55.814493";"37.561938";"-";"-";"-";"-";"-";"-";"-";"-"
"29.11.2024";"95030";"Москва ул Красная Пресня 31 после пересечение с ул 1905 г";"улица 1905 года";"Рекламный экран билборд ООО РАСВЭРО";"НКС";"Савинов 02.04.2025";"не назначено";"-";"-";"55.7623746";"37.56337";"-";"-";"-";"-";"-";"-";"-";"-"
"29.11.2024";"95036";"Москва Сухаревская площадь пересечение со Сретенкой ";"Сухаревская";"Рекламный экран билборд ООО РАСВЭРО";"НКС";"Савинов 02.04.2025";"не назначено";"-";"-";"55.7725128";"37.6350745";"-";"-";"-";"-";"-";"-";"-";"-"
"29.11.2024";"95061";"Москва ул Садовая Черногрязская 13 кор 3";"Красные ворота";"Рекламный экран билборд ООО Расвэро";"НКС";"Савинов 02.04.2025";"не назначено";"-";"-";"55.7650742";"37.6562804";"-";"-";"-";"-";"-";"-";"-";"-"
"29.11.2024";"136175";"МО г Королев проспект Космонавтов 37 корпус 1";"Королев";"Аптека ФармЛенд ООО Аптека Экономия 2";"НКС";"-";"не назначено";"-";"-";"55.909293";"37.8675629";"#33143166";"-";"-";"-";"-";"-";"-";"-"
"29.11.2024";"136687";"МО г Одинцово ул Молодежная 48";"Одинцово";"Кабинет бухгалтерии ООО ЧОП Комкон Безоппасноть ХБ Нева";"НКС";"-";"не назначено";"-";"-";"55.677898";"37.272798";"-";"-";"-";"-";"-";"-";"-";"-"
"29.11.2024";"137006";"Москва ул 1 я Тверская Ямская 16";"-";"Рекламный экран билборд ООО РАСВЭРО";"НКС";"-";"не назначено";"-";"-";"55.7729501";"37.5915337";"-";"-";"-";"-";"-";"-";"-";"-"
"02.12.2024";"132751";" п Сосенское , ул Василия Ощепкова 3 кв 78";"Сосенкое";"Квартира ";"нкс";"-";"не назначено";"-";"-";"55.5536111";"37.4643587";"-";"-";"-";"-";"-";"-";"-";"-"
"02.12.2024";"93392";"Москва, мневники 19";"народное ополчение";"Профиль Шинный центр ИП Ларионова";"ложные сработки 11 шс периодически";"-";"не назначено";"-";"-";"55.7737";"37.482499";"#33134249";"-";"-";"-";"-";"-";"-";"-"
"03.12.2024";"132678";"д кокошкино ул Дзержинского 8";"Кокошкино";"медицинский центр лаб квест";"заменить АКБ прибора";"-";"не назначено";"-";"-";"55.6038141";"37.1695301";"-";"-";"-";"-";"-";"-";"-";"-"
"03.12.2024";"132953";"Электросталь, рабочая 35 А";"электросталь";"Офис склад ООО сладкая жизнь";"заменить АКБ в приборе";"-";"не назначено";"-";"-";"55.793962";"38.4588487";"#33175622";"-";"-";"-";"-";"-";"-";"-"
"03.12.2024";"135020";"с дубки ул Грибовская 7А";"дубки";"Офис ООО Виктория";"сработки 18-19 шс, разряд 20 шс";"-";"не назначено";"-";"-";"55.6386916";"37.2113102";"-";"-";"-";"-";"-";"-";"-";"-"
"03.12.2024";"131091";"г лыткарино 6 микрорайон строение 10";"лыткарино";"Склад ООО СК Гума";"сработки 3шс";"-";"не назначено";"-";"-";"55.5959825";"37.8867127";"-";"-";"-";"-";"-";"-";"-";"-"
"04.12.2024";"131549";"Москва, каширское шоссе 55 к4";"D2 Москворечье";"гастроном  ";"тампер 19 постоянно";"-";"не назначено";"-";"-";"55.6460734";"37.6706041";"#29602690";"-";"-";"-";"-";"-";"-";"-"
"09.12.2024";"138306";"Мсоква, ярцевская 22 с1";"молодёжная";"Паб Хэратс ООО ДЖУС ";"КТС ложно";"-";"не назначено";"-";"-";"55.7385252";"37.4136837";"-";"-";"-";"-";"-";"-";"-";"-"
"09.12.2024";"138131";"Москва ул Земляной Вал 38";"чкаловская";"Рекламный щит билборд ООО РАСВЭРО";"НКС";"-";"не назначено";"-";"-";"55.7550352";"37.6563426";"#37844692";"-";"-";"-";"-";"-";"-";"-"
"09.12.2024";"22072";"Москва,волоколамское шоссе 24 к1";"стрешнево";"гастроном ван прайс";"сработки 7 ШС многократно";"-";"не назначено";"-";"-";"55.8114529";"37.4845379";"-";"-";"-";"-";"-";"-";"-";"-"
"09.12.2024";"138428";"улица Энергетиков, 3, дачный посёлок Лесной Городок";"Одинцово";"кафе ";"КТС постоянно";"-";"не назначено";"-";"-";"55.6378688";"37.2227518";"#40924128";"-";"-";"-";"-";"-";"-";"-"
"09.12.2024";"137207";"Москва Теплый Стан 13 корп 2 ";"генерала тюленева";"КХН ГБУЗ ГП №134 ДЗМ";"НКС";"-";"не назначено";"-";"-";"55.6238491";"37.4888331";"#33163743";"-";"-";"-";"-";"-";"-";"-"
"09.12.2024";"300084";"Шульгино, ул. Центральная, д.9/А";"Шульгино ";"Коттедж Шапчиц Н.В,";"НКС";"-";"не назначено";"-";"-";"55.7256553";"37.2922331";"-";"-";"-";"-";"-";"-";"-";"-"
"09.12.2024";"300080";"ПЖСК Лесной простор ул Сосновая 23";"одинцовский р-он";"Коттедж Фомичева Ю.М.";"НКС";"-";"не назначено";"-";"-";"55.700052";"37.117074";"-";"-";"-";"-";"-";"-";"-";"-"
"09.12.2024";"300066";"п. Крекшино, ул. Клубничная, д.74";"пос крекшино";"Коттедж Шаповалова Т.Н.";"НКС";"-";"не назначено";"-";"-";"55.5949697";"37.1077157";"-";"-";"-";"-";"-";"-";"-";"-"
"09.12.2024";"300079";" д.Солослово, ДСК""Марина"", ул.Золотая, д.2";"сослово";"Коттедж Кытин Е.Ю.";"НКС";"-";"не назначено";"-";"-";"55.7776025";"37.7122345";"#33132555";"-";"-";"-";"-";"-";"-";"-"
"09.12.2024";"300078";"с Успенское ДП Успенское 42 55.706287; 37.079788";"успенское";"Коттедж Кузнецова И В";"НКС";"-";"не назначено";"-";"-";"55.706287";"37.079788";"#33267743";"-";"-";"-";"-";"-";"-";"-"
"09.12.2024";"310086";"пос Крекшино ул 4 Январская 43";"пос крекшино";"Коттедж Малинин В В";"НКС";"-";"не назначено";"-";"-";"55.5949697";"37.1077157";"#34726437";"-";"-";"-";"-";"-";"-";"-"
"09.12.2024";"138170";"Москва проспект Стратонавтов 9 стр 2";"тушинская";"Ломбард ООО Ломбард Союз";"срабатывал однократно 8 датчик. т.к объект вТЦ, всё орало. попросили отключить. проверить зону";"-";"не назначено";"-";"-";"55.827064";"37.436347";"#37773618";"-";"-";"-";"-";"-";"-";"-"
"09.12.2024";"137517";" г Мытищи бульварТенистый 23";"мытищи";"КОС ВКХ ИМ ООО Гранель Инжиниринг";"6 шс КТС в сработке. отключил";"-";"не назначено";"-";"-";"55.9555126";"37.6863874";"#33141259";"-";"-";"-";"-";"-";"-";"-"
"10.12.2024";"137856";" Москва, МКАД 41-й км, ТОГК Славянский мир, павильон Г- 4/1";"славянский мир";"ООО «ВЕНТУС-ПРО» (Склад)";"Долбит 18 , пока отключил, 17 тоже отключён";"-";"не назначено";"-";"-";"55.644667";"37.8213621";"-";"-";"-";"-";"-";"-";"-";"-"
"10.12.2024";"134201";"МО Ленинский р-он, д.Пуговичино КЛПХ колхозник 15";"-";"частный дом Довбыш Д.Г.";"шл18 тампер";"-";"не назначено";"-";"-";"55.5338285";"37.7331052";"-";"-";"-";"-";"-";"-";"-";"-"
"10.12.2024";"39135";"Москва Рублевское ш 99 корпус 1";"молодёжная";"Магазин Авоська ООО Авоська два";"постоянно срабатывает 8 ШС тампер 13 ШС";"-";"не назначено";"-";"-";"55.7424823";"37.4237969";"-";"-";"-";"-";"-";"-";"-";"-"
"10.12.2024";"300068";"Одинцовский р-н., г. Кубинка, СНТ""Радар"" д.214";"-";"Коттедж Сапрыкина А.П.";"НКС";"-";"не назначено";"-";"-";"55.5634899";"36.7024458";"#33132543";"-";"-";"-";"-";"-";"-";"-"
"10.12.2024";"310173";"Одинцовский р-н., д.Сареево, д. 4";"сараево";"Физическая охрана - пост ""Комкон"" ( * )";"НКС";"-";"не назначено";"-";"-";"55.6299296";"37.020931";"-";"-";"-";"-";"-";"-";"-";"-"
"10.12.2024";"1672";"Москва ул Земляной Вал 42/20";"чкаловская";"Магазин одежды Юникью Фабрик ООО Йоко и Ко";"периодически проблемы со снятием";"-";"не назначено";"-";"-";"55.7545435";"37.6562729";"-";"-";"-";"-";"-";"-";"-";"-"
"10.12.2024";"310302";"Одинцово ул Маршала Крылова 23";"одинцово";"Библиотека № 3 МБУК ""ОГБИЦ""";"не проходит 1 ктс";"-";"не назначено";"-";"-";"55.6877397";"37.2999605";"-";"-";"-";"-";"-";"-";"-";"-"
"10.12.2024";"138402";"д Путилково ул Новотушинская 2";"путилково";"Олд Бой Зуева Н Н";"АКБ прибора";"-";"не назначено";"-";"-";"55.867373";"37.3981883";"-";"-";"-";"-";"-";"-";"-";"-"
"10.12.2024";"136029";" п Володарского ул Центральная 30А";"посёлок володарского";"ПВЗ СДЭК ИП Афонина Т Г";"отключил 17 ШС, разрядился";"-";"не назначено";"-";"-";"55.5011656";"37.9494745";"-";"-";"-";"-";"-";"-";"-";"-"
"10.12.2024";"91110";"Москва Мичуринский проспект 26";"раменки";"Стоматология ООО Медлайн";"кажется глюк прибора, пульт заваливает событиями одинаковыми";"-";"не назначено";"-";"-";"55.7001";"37.5015626";"#33147914";"-";"-";"-";"-";"-";"-";"-"
"10.12.2024";"310242";"пос. Немчиновка , ул. 1-я Запрудная , д.2.";"немчиновка";"Администрация пос.Немчиновка";"Администрация пос.Немчиновка";"-";"не назначено";"-";"-";"55.7199989";"37.3681226";"-";"-";"-";"-";"-";"-";"-";"-"
"10.12.2024";"138132";"Москва ул Красная Пресня 11";"краснопресненская";"Рекламный щит билборд ООО РАСВЭРО";"НКС";"-";"не назначено";"-";"-";"55.7611501";"37.5726291";"#37844537";"-";"-";"-";"-";"-";"-";"-"
"11.12.2024";"90008";"Москва ул Лодочная 16 стр 1";"сходненская";"Религиозная организация Подворье Патриарха Московского и всея Руси при храме святителя Николая Мирликийского в Тушине г Москв";"неопознанное событие многократно";"-";"не назначено";"-";"-";"55.836057";"37.45921";"-";"-";"-";"-";"-";"-";"-";"-"
"11.12.2024";"21071";"г. Москва, ул. Трофимова, д. 35/20, кв. 13, код подъезда #1234 ";"Кожуховская";"ГРФ Герасимов Виктор Семенович";"нкс";"непонятно";"не назначено";"-";"-";"55.7047304";"37.6850215";"-";"-";"-";"-";"-";"-";"-";"Новгородцев"
"16.12.2024";"310291";"МО Одинцовский район СНТ Жаворонки Север ул Сиреневая 49";"одинцово";"Коттедж Васильева Г Ю";"Добрый день , почему нет оповещений ( когда отключают электричество ???? Раньше всегда это отображалось в Событиях .";"-";"не назначено";"-";"-";"55.6399178";"37.1105463";"-";"-";"-";"-";"-";"-";"-";"-"
"16.12.2024";"39036";"МО г Мытищи ул Рождественская 7";"Мытищи";"Танцевальная студия Арт Плейс ИП Лебедева Н А";"проблема с прибором";"-";"не назначено";"-";"-";"55.919918";"37.753935";"#33140487";"-";"-";"-";"-";"-";"-";"-"
"24.12.2024";"91485";"Тульская обл г Новомосковск ул Трудовые резервы 46 / ул Садовского 12";"Тула";"Магазин Мильстрим ООО Порт Экспорт";"3 шлейф ИК объём многократно, был выезд гбр, ъ/о срочно ждёт техника.";"-";"не назначено";"-";"-";"54.016006";"38.287785";"-";"-";"-";"-";"-";"-";"-";"-"
"09.01.2025";"39004";"МО Ленинский район д Дрожжино ул Новое шоссе 7";"дрожжино";"Салон красоты Делис ИП Мамадова Ф Р";"Проблема с снятием, после ввода пароля статус не меняется, не проходит снятие, 79262129913";"-";"не назначено";"-";"-";"55.5279624";"37.5845958";"#33159482";"-";"-";"-";"-";"-";"-";"-"
"26.02.2025";"95077";"Москва, Садовая-Триумфальная улица, 22/31";"Маяковская";"Рекламный щит билборд ООО Расвэро, напротив дом 2";"заменить АКБ";"-";"не назначено";"-";"-";"55.77192";"37.60409";"-";"-";"-";"-";"-";"-";"-";"-"
"12.03.2025";"310172";"пос.""Крекшино"" ул. Клубничная д.65";"-";"Коттедж Василейко Д.Э.";"НКС";"Даниелян 05.05.2025";"назначено";"-";"-";"55.5949697";"37.1077157";"-";"-";"-";"-";"-";"-";"-";"-"
"13.03.2025";"137853";"Москва МКАД 41 й км ТОГК Славянский мир пассаж 3/4";"-";"Склад ООО Богема";"нкс ";"даниелян 14.03.";"назначено";"-";"Адоес и фото не соответствует действительности";"55.644667";"37.8213621";"-";"-";"-";"-";"-";"-";"-";"-"
"14.03.2025";"131043";"МО Егорьевск 5 микрорайон 13 пом 2 3";"Егорьевск";"Лаборатория Гемотест ООО МедЛегенд";"НКС";"ковалев 17.06";"не назначено";"-";"-";"55.3835354";"39.0350242";"https://durnovcev2000.kaiten.ru/space/327972/boards/card/33175269";"-";"-";"-";"-";"-";"-";"-"
"17.03.2025";"90037";"МО пос Крекшино ул Клубничная 65 (55.599301, 37.110958)";"Крекшино";"Коттедж Василейко Д Э";"долбит неисправность";"Даниелян 17.03.2025";"назначено";"-";"-";"55.5949697";"37.1077157";"-";"-";"-";"-";"-";"-";"-";"-"
"19.03.2025";"310141";"МО Одинцовский район д Фуньково 8 А";"Одинцово";"Коттедж Штыркова С В";"сработка по шл 17 самопроизвльольно, 0-19 неисправность, +79029421977";"Дурновцев 19.03.2025";"назначено";"Сейчас в другом городе приедет 20-25 апреля и сама сообщит просила раньше ее не беспокоить";"-";"55.79829299999999";"36.85262";"-";"-";"-";"-";"-";"-";"-";"-"
"31.03.2025";"310167";"МО Одинцовский район п Лесные просторы 45";"одинцово";"Коттедж Мандрыка С.М.";"нкс";"Даниелян 31.03.2025";"назначено";"-";"-";"55.6299296";"37.020931";"https://durnovcev2000.kaiten.ru/33142494";"-";"-";"-";"-";"-";"-";"-"
"31.03.2025";"310135";"Рузский го КП Рузские Просторы ул Земляничная 26";"руза";"Коттедж Гутковский И Н Рузские Просторы";"нкс";"Даниелян 21.05.2025";"назначено";"-";"-";"55.727103";"36.264158";"https://durnovcev2000.kaiten.ru/33132724";"-";"-";"-";"-";"-";"-";"-"
"01.04.2025";"136957";"Калужская область г Обнинск ул Борисоглебская 65 строение 2";"Обнинск";"Магазин электрики ПлюсЭлектро ИП Ткачев В В";"79105194647 до 18.00, трудности с постановкой, ждут техника с 28.03, 89915886791 ВАЖНАЯ";"подрядчики 09.06";"назначено";"-";"-";"55.13064019999999";"36.5822724";"https://durnovcev2000.kaiten.ru/";"-";"-";"-";"-";"-";"-";"-"
"03.04.2025";"39060";"МО г Подольск ул Школьная 22"" ";"Подольск";"частный дом";"нкс";"-";"не назначено";"-";"-";"55.366012";"37.510241";"https://durnovcev2000.kaiten.ru/33175316";"-";"-";"-";"-";"-";"-";"-"
"07.04.2025";"310141";"МО Одинцовский район д Фуньково 8 А";"Одинцово";"Коттедж Штыркова С В";"79036268745 ждут 12.04 - неисправность датчиков / и тревоги ложные -";"Даниелян 10.04.2025";"назначено";"-";"-";"55.79829299999999";"36.85262";"https://durnovcev2000.kaiten.ru/33161769";"-";"-";"-";"-";"-";"-";"-"
"08.04.2025";"310141";"МО Одинцовский район д Фуньково 8 А";"-";"Коттедж Штыркова С В";"17 шлейф самопроизвольно, многократно.неисправность датчика";"-";"не назначено";"-";"-";"55.79829299999999";"36.85262";"https://durnovcev2000.kaiten.ru/33161769";"-";"-";"-";"-";"-";"-";"-"
"16.04.2025";"132671";"МО г Ступино ул Андропова 65";"-";"Аптека Планета Здоровья ООО Здоровья";"трудности с постановкой, пищит ос, ждут техника";"-";"не назначено";"-";"-";"54.887044";"38.065358";"https://durnovcev2000.kaiten.ru/33175695";"-";"-";"-";"-";"-";"-";"-"
"23.04.2025";"138572";"МО Одинцовский район пос Кубинка д Акулово СНТ Пульс 148";"-";"Коттедж Теряев А С";"0-4 шл";"Даниелян 23.04.2025";"назначено";"-";"-";"55.5159131";"36.6865577";"-";"-";"-";"-";"-";"-";"-";"-"
"05.05.2025";"32155";"НАО Москвы поселение Воскресенское дер Городище ул Ямская 11";"Воскресенкое";"Коттедж Ахмед Ш";"ППК и связь : Потеря связи с ППК";"Даниелян 13.05.2025";"назначено";"-";"-";"55.53500349999999";"37.4318949";"https://durnovcev2000.kaiten.ru/34002626";"-";"-";"-";"-";"-";"-";"-"
"05.05.2025";"32053";"НАО Москвы п Воскресенское деревня Милорадово 149";"Воскресенкое";"Коттедж Булгак М В";"ППК и связь : Потеря связи с ППК";"Даниелян 13.05.2025";"назначено";"-";"-";"55.5277906";"37.416833";"https://durnovcev2000.kaiten.ru/33172564";"-";"-";"-";"-";"-";"-";"-"
"05.05.2025";"131043";"МО Егорьевск 5 микрорайон 13 пом 2 3";"Егорьевск";"Лаборатория Гемотест ООО МедЛегенд";"нкс";"ковалев 17.06";"не назначено";"-";"-";"55.3835354";"39.0350242";"https://durnovcev2000.kaiten.ru/33175269";"-";"-";"-";"-";"-";"-";"-"
"06.05.2025";"138984";"Переславль Залесский ул Кардовского 70 (56.724548, 38.836272)";"-";"Магазин Мильстрим ООО Альфа Стрим";"79251138311 Мурзинин Геннадий АНатольевич проблемы постановки";"-";"-";"-";"-";"56.7245473";"38.8366783";"https://durnovcev2000.kaiten.ru/48974165";"-";"-";"-";"-";"-";"-";"-"
"19.05.2025";"310117";"пос Крекшино ул Клубничная 224";"крекшино";"Коттедж Бутковская С А";"прибор не работает , 220 на объекте есть 79037234929 Будковская Генриета Алексеевна";"Даниелян 20.05.2025";"назначено";"-";"-";"55.5949697";"37.1077157";"https://durnovcev2000.kaiten.ru/33161759";"-";"-";"-";"-";"-";"-";"-"
"20.05.2025";"310117";"пос Крекшино ул Клубничная 224";"крекшино";"Коттедж Бутковская С А";"нет связи с прибором 79037234929 Светлана";"Даниелян 21.05.2025";"назначено";"-";"-";"55.5949697";"37.1077157";"https://durnovcev2000.kaiten.ru/33161759";"-";"-";"-";"-";"-";"-";"-"
"22.05.2025";"1119";"Москва, староконюшенный переулок 41-13 стр 2 кв 13";"Кропоткинская";"Квартира Андреевой Елены Николаевны";"НКС";"-";"-";"-";"-";"55.749305";"37.594363";"-";"-";"-";"-";"-";"-";"-";"-"
"22.05.2025";"137072";"Москва ул Земляной Вал 16";"Курская";"Рекламный щит билборд ООО Расвэро";"СМК 1ШС в тревоге";"-";"-";"-";"-";"55.760578";"37.656958";"-";"-";"-";"-";"-";"-";"-";"-"
"23.05.2025";"137487";"МО г Троицк Сиреневый бульввар 8";"Троицк";"Кофейня Кондитерская ТортБери ИП Гитинов М И";"КОРПУС ПРИБОРА";"Даниелян 29.05.2025";"назначено";"идет ремонт";"-";"55.4716859";"37.2964922";"https://durnovcev2000.kaiten.ru/33175913";"-";"-";"-";"-";"-";"-";"-"
"26.05.2025";"7825";"МО Ногинский район СНТ Горелый лес ул Беговая уч 1374";"-";"Коттедж Гавриков А И";"НКС";"ковалев 17.06";"назначено";"-";"-";"55.7770044";"38.3723746";"https://durnovcev2000.kaiten.ru/33173888";"-";"-";"-";"-";"-";"-";"-"
"26.05.2025";"310162";"гЗвенигород ул Лермонтова территория ВЗУ";"-";"Водоканал ВЗУ 4";"тампер ";"Дурновцев 27.05.2025";"назначено";"-";"-";"55.7412737";"36.8500133";"https://durnovcev2000.kaiten.ru/33163116";"-";"-";"-";"-";"-";"-";"-"
"26.05.2025";"32164";"Домодедовский район д Тургенево 75";"-";"Коттедж Портенко А А";"ППК и связь : Не опрашивается ППК и связь : Потеря связи с ППК";"-";"не назначено";"не берет трубку";"-";"55.3340208";"37.7063794";"https://durnovcev2000.kaiten.ru/33264265";"-";"-";"-";"-";"-";"-";"-"
"26.05.2025";"131787";"Тула ул Ханинский проезд 12";"Тула";"Офис ООО Сладкая жизнь плюс";"Проблемы 220 : Разряд АКБ";"подрядчики 9.06";"назначено";"-";"-";"54.18743380000001";"37.5534413";"https://durnovcev2000.kaiten.ru/33175390";"-";"-";"-";"-";"-";"-";"-"
"28.05.2025";"133918";"Москва ул Прянишникова 19 А строение 13";"Лихоборы";"Хостел Сити ИП Хаджимурадов А А";"ППК и связь : Потеря связи с ППК";"Шатохин 28.05.2025";"назначено";"-";"-";"55.837951";"37.548825";"https://durnovcev2000.kaiten.ru/33164950";"-";"-";"-";"-";"-";"-";"-"
"30.05.2025";"133918";"Москва ул Прянишникова 19 А строение 13";"Лихоборы";"Хостел Сити ИП Хаджимурадов А А";"ППК и связь : Потеря связи с ППК";"Шаотхин 04.06.2025";"назначено";"-";"-";"55.837951";"37.548825";"https://durnovcev2000.kaiten.ru/33164950";"-";"-";"-";"-";"-";"-";"-"
"02.06.2025";"300029";"Кубинка СНТ Кубинка М ул 6 й проезд 126";"кУБИНКА";"Коттедж Денисова Л В";"шл 1-4 тампер датчика.неисправности по многим датчикам";"Даниелян 03.06.2025";"назначено";"-";"-";"55.5634899";"36.7024458";"https://durnovcev2000.kaiten.ru/33132668";"-";"-";"-";"-";"-";"-";"-"
"02.06.2025";"1616";"Москва ул Казакова 3 строение 1";"Курская";"Магазин одежды Мейел ИП Ершова Т В";"НКС";"-";"не назначено";"не удается связаться с клиентом, менеджер уведомлен ";"-";"55.76308179999999";"37.6584439";"https://durnovcev2000.kaiten.ru/29779672";"-";"-";"-";"-";"-";"-";"-"
"02.06.2025";"137487";"МО г Троицк Сиреневый бульввар 8";"троицк";"Кофейня Кондитерская ТортБери ИП Гитинов М И";"с 22.05 отсутс 220.потеря связи";"Даниелян 06.06.2025";"назначено";"идет ремонт";"-";"55.4716859";"37.2964922";"https://durnovcev2000.kaiten.ru/33175913";"-";"-";"-";"-";"-";"-";"-"
"02.06.2025";"310160";"Новоивановское ул Агрохимиков 19 кв 10 этаж 2";"-";"Квартира Чеканова О В";"НКС";"Даниелян 05.06.2025";"назначено";"-";"-";"55.7027404";"37.3634055";"https://durnovcev2000.kaiten.ru/33175839";"-";"-";"-";"-";"-";"-";"-"
"02.06.2025";"90917";"МО пос Крекшино ул Клубничная 350 (55.597332, 37.109548)";"-";"Коттедж Иноземцев В В";"НКС";"п/н 90039 ""шаблон синорд""";"-";"-";"-";"55.5949697";"37.1077157";"https://durnovcev2000.kaiten.ru/";"-";"-";"-";"-";"-";"-";"-"
"02.06.2025";"93330";"Москва Большая Косинская 16 кв 245 При откл.220 звонить отв.!!!!!!!";"Косино";"Квартира ООО Фирменные решения";"НКС";"Николаев 03.06.2025";"назначено";"-";"-";"55.7118933";"37.8548536";"https://durnovcev2000.kaiten.ru/";"-";"-";"-";"-";"-";"-";"-"
"02.06.2025";"136028";"Москва Звенигородское ш 11 квартира 36 этаж 11";"Улица 1905 года";"Квартира Морозова М И";"НКС";"Кадамшоев 02.06.2025";"назначено";"-";"-";"55.7633772";"37.5600284";"https://durnovcev2000.kaiten.ru/33166727";"-";"-";"-";"-";"-";"-";"-"
"02.06.2025";"310327";"Одинцовский р-н., в р-не п. Часцы, Можайское шоссе, 50-й километр терр. АБЗ";"Одинцово";"ДЭП-13";"НКС";"Дурновцев 03.06.2025";"назначено";"-";"-";"55.6254916";"36.8946359";"https://durnovcev2000.kaiten.ru/";"-";"-";"-";"-";"-";"-";"-"
"02.06.2025";"310279";"Одинцовский р-н., п. Немчиновка, ул. 2-я Запрудная, д.44";"Одинцово";"Коттедж Жуков А.В..";"НКС";"Даниелян после 20.06.2025";"назначено";"позвонить после 20.06";"-";"55.7267591";"37.3691966";"https://durnovcev2000.kaiten.ru/29597463";"-";"-";"-";"-";"-";"-";"-"
"02.06.2025";"137207";"Москва Теплый Стан 13 корп 2 этаж 4";"Генерала Тюленева";"КХН ГБУЗ ГП №134 ДЗМ";"НКС";"192119";"-";"-";"-";"55.62384909999999";"37.4888331";"https://durnovcev2000.kaiten.ru/33163743";"-";"-";"-";"-";"-";"-";"-"
"02.06.2025";"81236";"ЖК ""Суханово Парк"", д.148-пом.1";"-";"Коттедж УК Суханово Парк"" Битаровой Кристины Алановны";"79257705555  ложные тревоги 5 шл. шл 1- 14 неисправность";"-";"-";"-";"-";"-";"-";"https://durnovcev2000.kaiten.ru/33159656";"-";"-";"-";"-";"-";"-";"-"
"02.06.2025";"131043";"МО Егорьевск 5 микрорайон 13 пом 2 3";"-";"Лаборатория Гемотест ООО МедЛегенд";"НКС";"-";"не назначено";"-";"-";"55.3835354";"39.0350242";"https://durnovcev2000.kaiten.ru/33175269";"-";"-";"-";"-";"-";"-";"-"
"02.06.2025";"138038";"Москва вн тер г поселение Вороновское д Сахарово 44 Б";"Бунинская аллея";"Кафе Восточная кухня Халяль ИП Калабеков М М";"НКС";"-";"-";"-";"-";"55.2956067";"37.1920522";"https://durnovcev2000.kaiten.ru/36855726";"-";"-";"-";"-";"-";"-";"-"
"06.06.2025";"90004";"Видное промышленная зона Северная промзона Проектируемый 251 проезд 1 пом 5 1";"Видное";"Офис Склад ООО Деловые Линии";"раздел 2, шс 1 - ЭТО КТС! нужно запрогромировать код Е120 (тревожная кнопка) 79817202373";"передали Дурновцеву Н";"назначено";"-";"-";"55.5664296";"37.7536197";"https://durnovcev2000.kaiten.ru/39525842";"-";"-";"-";"-";"-";"-";"-"
"06.06.2025";"7996";"МО Ленинский район д Суханово 31 В";"-";"Частный дом Булгару А В";"1-16 не исправна";"-";"-";"-";"-";"55.520624";"37.65736589999999";"https://durnovcev2000.kaiten.ru/33175900";"-";"-";"-";"-";"-";"-";"-"
"06.06.2025";"132835";"Москва ул Малая Грузинская 12";"Краснопресненская";"Гастромаркет Еда ООО ПРОФИНВЕСТПРОЕКТ 5";"19 шл тампер - ТРЕТЬЯ ЗАЯВКА !";"насим 09.06.";"назначено";"-";"-";"55.7638863";"37.5720407";"https://durnovcev2000.kaiten.ru/32562418";"-";"-";"-";"-";"-";"-";"-"
"09.06.2025";"138038";"Москва вн тер г поселение Вороновское д Сахарово 44 Б";"Бунинская аллея";"Кафе Восточная кухня Халяль ИП Калабеков М М";"НКС";"-";"-";"-";"-";"55.2956067";"37.1920522";"-";"-";"-";"-";"-";"-";"-";"-"
"09.06.2025";"137653";"МО Ленинский городской округ микрорайон Дружный 58 55.524865, 37.670959";"-";"Частный дом Савченко Е Б";"Неисправность ос";"-";"не назначено";"-";"-";"55.52722499999999";"37.67252630000001";"-";"-";"-";"-";"-";"-";"-";"-"
"09.06.2025";"91665";"МО Мытищинский район д Челобитьево шоссе Осташковское вл 15 стр 1 и 2";"Мытищи";"Офис ООО Деловые линии";"необходимо запрограмировать для гр. 2 ШС 116 правильный код - E120 (класс события - тревожная кнопка), иначе клиент не может проверить в автоматическом режиме (битрикс задача № 662153)";"передала инф. Дурновцеву Никите 16.06";"-";"-";"-";"55.9131297";"37.6683889";"-";"-";"-";"-";"-";"-";"-";"-"
"09.06.2025";"84665";"Москва бульвар Новинский 13 стр 1 кв 2";"Смоленская";"Квартира Московченко С А";"1-3 долбит";"-";"-";"-";"-";"55.7531669";"37.582793";"-";"-";"-";"-";"-";"-";"-";"-"
"09.06.2025";"132835";"Москва ул Малая Грузинская 12";"Краснопресненская";"Гастромаркет Еда ООО ПРОФИНВЕСТПРОЕКТ 5";"тампер";"насим 09.06.25 ";"назначено";"-";"-";"55.7638863";"37.5720407";"-";"-";"-";"-";"-";"-";"-";"-"
"09.06.2025";"310234";"Одинцовский р-н., п. Летний Отдых, ул. Полевая , д.11";"Одинцово";"Коттедж Горский А.Б.";"Проблема: каждый день по 100 раз приходит сообщение по поводу резервного питания датчика гаража. Замена батареек ничего не дала, менял уже два раза. Помимо этого, ранее задавал вопрос, см ниже, по датчику температуры. Ответа так и не получил.";"даниелян 09.06";"назначено";"-";"-";"55.6346504";"36.9572432";"-";"-";"-";"-";"-";"-";"-";"-"
"10.06.2025";"134801";"Москва Каширское шоссе вл 14";"Варшавская";"Магазин Фамилия ООО Максима Групп";"79627127230 вызов гбр. *КТС";"савинов 22.06";"назначено";"-";"-";"55.6644765";"37.6269075";"-";"-";"-";"-";"-";"-";"-";"-"
"16.06.2025";"310179";"пос Крекшино ул Клубничная 73";"-";"Коттедж Ястржембский С С ";"хоз просит связаться";"-";"-";"-";"-";"55.5949697";"37.1077157";"-";"-";"-";"-";"-";"-";"-";"-"
"16.06.2025";"310138";"Москва пос Крекшино ул Клубничная 223";"Аэропорт Внуково";"-";"проверить датчики по просьбе хо";"-";"-";"-";"-";"55.5949697";"37.1077157";"-";"-";"-";"-";"-";"-";"-";"-"
"17.06.2025";"137970";"Москва Филимонковский район п Птичное ул Центральная 15 А/2 ст1";"Аэропорт Внуково";"Табак ИП Геворгян О А";"79253544045 потеря связи";"Nord Pro Air  (К нему адаптер интернета)  Клавиатура";"-";"-";"-";"55.51566219999999";"37.2275981";"-";"-";"-";"-";"-";"-";"-";"-"
"17.06.2025";"7895";"МО г Красногорск дер Нефедьево";"Красногорск";"храм";"79264830414 постоянные потери связи, клиент просит проверить прибор";"-";"не назначено";"-";"-";"55.8940914";"37.1493176";"-";"-";"-";"-";"-";"-";"-";"-"
"17.06.2025";"135139";"МО Одинцовский район д Ямищево ул Заречная 17 кв 3";"Одинцово";"Коттедж Жуков И В";"ложные тревоги";"-";"-";"-";"-";"55.6066158";"37.1356939";"-";"-";"-";"-";"-";"-";"-";"-"
"17.06.2025";"9490";"МО Домодедовский район с Битягова КТП - 160";"-";"Трансформаторная подстанция ООО ПСК КТП 160 Битягово ранее 20450";"НКС";"-";"-";"-";"-";"55.3856678";"37.7389167";"-";"-";"-";"-";"-";"-";"-";"-"
"17.06.2025";"310069";"МО го Одинцовский КП Лесной Простор 65";"-";"Коттедж Ершов А В";"40 шл";"-";"-";"-";"-";"55.699637";"37.1273832";"-";"-";"-";"-";"-";"-";"-";"-"
"17.06.2025";"39010";"Москва Комсомольский проспект 14/1 корп 3";"Парк культуры";"Выставочный зал (цокольный этаж) ООО""СОВ-АРТ""";"НКС";"-";"-";"-";"-";"55.731464";"37.589267";"-";"-";"-";"-";"-";"-";"-";"-"
"18.06.2025";"90090";"МО г Подольск ул Генерала Стрельбицкого 9 пом 1";"-";"Салон красоты Мастерская красоты 1 ИП Рыбкина Ю А";"79250208767 0-20 неисправность Казарян Инна Владимировна";"-";"-";"-";"-";"55.424113";"37.4842334";"-";"-";"-";"-";"-";"-";"-";"-"
"18.06.2025";"136719";"Москва ул Авиаконструктора Микояна 14 корпус 3";"ЦСКА";"Танцевальный зал ИП Симаева Ю М";"нкс";"насим 19.06";"назначено";"-";"-";"55.7924064";"37.5267702";"-";"-";"-";"-";"-";"-";"-";"-"
"18.06.2025";"136877";"Москва ул Планерная 3 корпус 3";"Планерная";"ГБУ ЕИРЦ города Москвы";"79262885453 трудности с постановкой и снятием, ждут техника более недели, сами меняли там батарейки ВАЖНАЯ";"насим 19.06";"назначено";"-";"-";"55.860187";"37.428127";"-";"-";"-";"-";"-";"-";"-";"-"
"19.06.2025";"310128";"Одинцовский район г п Кубинка д Акулово с/т Акулово 2 уч 320";"-";"Коттедж Барба С П";"Долбит АКБ, надо заменить ";"-";"-";"-";"-";"55.6179212";"36.79596739999999";"-";"-";"-";"-";"-";"-";"-";"-"
"19.06.2025";"137423  ";"Путилково, новотушинская 2 ";"-";"Уфанет";"НКС";"-";"не назначено";"-";"-";"55.868092";"37.397072";"-";"-";"-";"-";"-";"-";"-";"-"
"19.06.2025";"1517";"Москва пос Сосенское д Летово ул Малая Летовская 105 (ключница 6635)";"Прокшино";"Коттедж Литвин И Е ЧОП Синяя Птица";"1-1 неисправна";"старое оборудование, не отправлять техника, сделали обследование ";"-";"-";"-";"55.5709008";"37.410617";"-";"-";"-";"-";"-";"-";"-";"-"
"19.06.2025";"90052";"Москва Пролетарский проспект 24";"Кантемировская";"Религиозная организация Благая весть МРО Церковь христиан веры евангельской Благая весть";"79263241942 после постановки срабатывает датчик, ждут техника ВАЖНАЯ";"новгородцев 19.06";"назначено";"-";"-";"55.6365784";"37.6563617";"-";"-";"-";"-";"-";"-";"-";"-"
"19.06.2025";"310297";"Новая Москва с/п Марушкинское п с за Крекшино ул Тополиная 7";"Аэропорт Внуково";"Коттедж Литвиненко А Ю";"нкс";"-";"-";"-";"-";"55.5952414";"37.1274344";"-";"-";"-";"-";"-";"-";"-";"-"
"19.06.2025";"136082";"Москва ул Академика Семенова 13 к 1 В";"Бунинская аллея";"Комната хранения наркотиков филиал 6";"нкс";"-";"-";"-";"-";"55.54116879999999";"37.507163";"-";"-";"-";"-";"-";"-";"-";"-"
"19.06.2025";"137207";"Москва Теплый Стан 13 корп 2 этаж 4";"Генерала Тюленева";"КХН ГБУЗ ГП №134 ДЗМ";"нкс";"-";"не назначено";"-";"-";"55.62384909999999";"37.4888331";"-";"-";"-";"-";"-";"-";"-";"-"
"19.06.2025";"137036";"Москва проезд Михайловский 6";"волгоградский проспект";"Пункт приёма металла ИП Большаков Т А";"нкс";"попов 20.06";"назначено";"-";"-";"55.4968586";"37.1311274";"-";"-";"-";"-";"-";"-";"-";"-"
"19.06.2025";"136996";"Москва 3 й Автозаводский проезд 3";"Автозаводская";"Барбершоп Чёрная кость ИП Михаилян А Р";"нкс";"николаев 20.06";"назначено";"-";"-";"55.7081159";"37.6557613";"-";"-";"-";"-";"-";"-";"-";"-"
"19.06.2025";"90210";"Москва Подсосенский пер дом 30 строение 1 2 3";"Чкаловская";"Офис банка АО Азиатско Тихоокеанский Банк";"нкс";"ИДЕТ РЕМОНТ";"-";"-";"-";"55.754791";"37.6531789";"-";"-";"-";"-";"-";"-";"-";"-"
"19.06.2025";"151710";"МО г Химки ул Московская 14";"-";"Аптека Планета Здоровья ООО Планета Здоровья Холдинг";"нкс";"дурновцев 20.06";"назначено";"-";"-";"55.9608587";"37.2603895";"-";"-";"-";"-";"-";"-";"-";"-"
"19.06.2025";"136947";"МО Одинцовский район г Голицыно 45 й км Можайского шоссе строение 2";"-";"Ветеринарная клиника Кот и Пес ИП Усачева Т А";"нкс";"-";"-";"-";"-";"55.6302478";"37.009432";"-";"-";"-";"-";"-";"-";"-";"-"
"19.06.2025";"136882";"Москва МКАД 41 километр 4 стр 32 ТОГК Славянский мир ряд И-1 павильон 1,2";"Тютчевская";"Магазин СТК Строй77 ООО СТК Строй77";"нкс";"дурновцев 22.06";"назначено";"-";"-";"55.6148682";"37.485661";"-";"-";"-";"-";"-";"-";"-";"-"
"19.06.2025";"1509";"Москва рп Киевский 23 Б";"-";"Аптека Планета Здоровья ООО Восток";"нкс";"юре 23.06";"-";"-";"-";"55.4247364";"36.8662722";"-";"-";"-";"-";"-";"-";"-";"-"
"20.06.2025";"90911";"Москва ул Одесская 22 корп 5 кв 58";"Севастопольская";"Квартира Смоляков Д С";"проблемы с подключением пультом Д/У";"савинов 22.06";"назначено";"-";"-";"55.6525917";"37.58633469999999";"-";"-";"-";"-";"-";"-";"-";"-"
"20.06.2025";"132277";"МО г Чехов ул Земская 14";"-";"Аптека Планета Здоровья ООО Планета Здоровья Холдинг";"замена акб ";"-";"-";"-";"-";"55.1722192";"37.4701028";"-";"-";"-";"-";"-";"-";"-";"-"
"20.06.2025";"131689";"МО г Реутов Носовихинское шоссе 45 этаж 2";"-";"Магазин Восс Бренд Аутлет ООО Бренд Аутлет";"ППК и связь : Потеря связи с ППК";"шатохин 25.06";"назначено";"-";"-";"55.7517445";"37.8884513";"-";"-";"-";"-";"-";"-";"-";"-"
"20.06.2025";"51344";"МО г Долгопрудный ул Зеленая 4";"Долгопрудный";"Храм Сергея Радонежского РО Подворье Иоанно Предтеченского ставропигиального жен монастыря при храме прп Сергия Радонежского на х Черновцов МО РПЦ МП";"Колесников Сергей Сергеевич 79268851701   тревоги при постановке";"-";"-";"-";"-";"55.91969479999999";"37.5213111";"-";"-";"-";"-";"-";"-";"-";"-"
"20.06.2025";"132636";"МО г Балашиха мкр Павлино Косинское шоссе 6 пом 1.1";"Балашиха";"Магазин Первым Делом Продукты ООО Тигр";"ДИСЛОКАЦИЯ *шс-18,19,23, та же, подать описание ШС (ШС-23 ?)";"-";"-";"-";"-";"55.7209223";"37.9734075";"-";"-";"-";"-";"-";"-";"-";"-"
"20.06.2025";"310128";"Одинцовский район г п Кубинка д Акулово с/т Акулово 2 уч 320";"-";"Коттедж Барба С П";"акб";"-";"-";"-";"-";"55.6179212";"36.79596739999999";"-";"-";"-";"-";"-";"-";"-";"-"
"20.06.2025";"1080";"Москва ул Никитинская 3 стр 1";"Измайловская";"Центр протезирования и ортопедии Без барьеров ООО ЦПО";"НЕИСПР шл 1-58";"терехов 20.06";"назначено";"-";"-";"55.795986";"37.7737414";"-";"-";"-";"-";"-";"-";"-";"-"
"20.06.2025";"137546";"Москва ул Тверская 25/12";"Маяковская";"Кофейня Сорф Кофи энд Мэйак ИП Жиров А В";"корпус прибора просят техника";"-";"-";"-";"-";"55.76753";"37.59976";"-";"-";"-";"-";"-";"-";"-";"-"
"23.06.2025";"90903";"Москва Петровско Разумовский проезд 15";"Петровский парк";"Стоматология ООО Бьютифул смайл ООО ЧОО Сити Патруль";"акб";"насим ";"назначено";"-";"-";"55.7973274";"37.5665056";"-";"-";"-";"-";"-";"-";"-";"-"
"23.06.2025";"310007";"г Одинцово ул Маршала Жукова 34 Б";"-";"Магазин Продукты ИП Земскова О С";"АКБ долбит";"терехов 25.06";"назначено";"-";"-";"55.6808406";"37.2673519";"-";"-";"-";"-";"-";"-";"-";"-"
"23.06.2025";"310128";"Одинцовский район г п Кубинка д Акулово с/т Акулово 2 уч 320";"-";"Коттедж Барба С П";"АКБ долбит";"-";"-";"-";"-";"55.6179212";"36.79596739999999";"-";"-";"-";"-";"-";"-";"-";"-"
"23.06.2025";"138492";"Москва муниципальный округ Преображенское ул Краснобогатырская 90 стр 1";"Преображенская площадь";"Магазин Алкотека ООО Горизонт М";"0-4 шл самопроизвольно";"ШАТОХИН 23.06";"назначено";"-";"-";"55.7996559";"37.7110455";"-";"-";"-";"-";"-";"-";"-";"-"
"23.06.2025";"136098";"Москва Ленинградское шоссе 228 корп 3";"Химки";"ПВЗ Озон ИП Кривцов В Е";"79296414011 тревоги ночами / неисправность 20,19 шл";"-";"-";"-";"-";"55.9301611";"37.3807003";"-";"-";"-";"-";"-";"-";"-";"-"
"23.06.2025";"139191";"Москва ул Первомайская 43 пом 1/1 (55.793480, 37.786195)";"Измайловская";"Каса ди Фамилия ООО Вилла Верде";"Амирбеков Мехти Малиагаевич 9999671339 20 шл повреждён тампер";"шатохин 23.06";"назначено";"-";"-";"55.7932502";"37.786179";"-";"-";"-";"-";"-";"-";"-";"-"
"23.06.2025";"91139";"Москва ул 5 Кожуховская 12";"Автозаводская";"Магазин Сплав ООО Территория";"0-6 шл самопроизвольно";"новгородцев 25.06";"назначено";"-";"-";"55.7051528";"37.6685024";"-";"-";"-";"-";"-";"-";"-";"-"
"23.06.2025";"137510";"МО Балашиха ул Почтовая 5 вл 1";"Балашиха";"Магазин Табакерка ИП Алиева С З К";"тампер датчика 0-17";"-";"-";"-";"-";"55.74865879999999";"37.9582838";"-";"-";"-";"-";"-";"-";"-";"-"
"23.06.2025";" 22157";"Балашиха Ул Реутовская 11 помещение 3";"Балашиха";" Минимаркет Семейный ИП Хряпчин В Н";"неиспр шл 7,при постановке отв зачем то обесточивают наш прибор !";"-";"-";"-";"-";"55.78384519999999";"37.8519147";"-";"-";"-";"-";"-";"-";"-";"-"
"23.06.2025";"22126 ";" Москва ул Просторная 14 кор 1";"Преображенская площадь";"Магазин Авоська ";" была неиспр шл 8";"ШАТОХИН 23.06";"назначено";"-";"-";"55.805772";"37.723706";"-";"-";"-";"-";"-";"-";"-";"-"
"23.06.2025";" 22097 ";"Москва Волоколамское шоссе 71 корпус 4 ";"Спартак";"Винотека Вайн энд виски О";"с 21.06 отсутс 220,потеря связи,что с 220 ?";"насим 25.06";"назначено";"-";"-";"55.8214609";"37.4320062";"-";"-";"-";"-";"-";"-";"-";"-"
"23.06.2025";"134974";"МО г Балашиха пр Ленина 61";"Балашиха";"Советская Аптека ООО Любимый город";"ЛИЧНЫЙ КАБИНЕТ : Трудности с постановкой снятием";"-";"-";"-";"-";"55.79881570000001";"37.9580057";"-";"-";"-";"-";"-";"-";"-";"-"
"23.06.2025";"134201";"МО Ленинский район д Пуговичино КЛПХ Колхозник 15";"-";"Частный дом Довбыш Д Г";"Тревога : Тревога в ШС№  без восстановления";"-";"-";"-";"-";"55.5338285";"37.7331052";"-";"-";"-";"-";"-";"-";"-";"-"
"23.06.2025";"134201";"МО г Видное ул Ольховая 2 А/1";"Видное";"Магазин Инструменты Все для сварки ИП Ворсканян В К";"ложные выезде ГБР";"-";"-";"-";"-";"55.5461706";"37.7223975";"-";"-";"-";"-";"-";"-";"-";"-"
"23.06.2025";"133689";"Москва ул Большая Филевская 3 к 2";"Фили";"Сеть магазинов стройка ИП Галстян Е С";"Тревога : Многократные ср-ки ШС№ Тревога : Самопроизвольно ШС№";"насим 23.06";"назначено";"-";"-";"55.7513101";"37.5154278";"-";"-";"-";"-";"-";"-";"-";"-"
"23.06.2025";"133567";"МО г Люберцы ул Карла Либкнехта 8 А стр 1";"Люберцы";"Магазин Табак ИП Борисов А Е";"АКБ";"ногородцев 23.06";"назначено";"-";"-";"55.69823969999999";"37.8646392";"-";"-";"-";"-";"-";"-";"-";"-"
"23.06.2025";"132638";"Москва ул Авиаконструктора Петлякова 13 к 1 этаж 1";"Пыхтино";"Стоматология Сталь Дент ООО Сталь Дент";"Тревога : Самопроизвольно КТС ШС№";"-";"-";"-";"-";"55.62063";"37.3050147";"-";"-";"-";"-";"-";"-";"-";"-"
"23.06.2025";"131644";"МО г Лыткарино ул Колхозная 6 корп 2";"Лыткарино";"Магазин Гастроном 1 ИП Иманова А А";"батарейка сел а";"-";"-";"-";"-";"55.5908704";"37.8872327";"-";"-";"-";"-";"-";"-";"-";"-"
"23.06.2025";"136324";"Москва муниципальный округ Митино ул Муравская 1 стр 2 ";"Пятницкое шоссе";"Офис МИНИБОКС ООО МИНИБОКС";"трудности со снятием, сели батарейки удаленно сняли";"насим 23.06";"назначено";"-";"-";"55.861106";"37.36180299999999";"-";"-";"-";"-";"-";"-";"-";"-"
"23.06.2025";"81806";"Москва ул Профсоюзная 65 корп 1 офис 101";"Калужская";"Магазин ""ДеКанто""";"Потеря связи с радиозвещателем , неисправность 0-70 . Не могут снять с охраны , пульт не реагирует , 79137563081";"дурновцев 23.06";"назначено";"-";"-";"55.6533037";"37.5378342";"-";"-";"-";"-";"-";"-";"-";"-"
"23.06.2025";"138210";"МО г Кашира ул Садовая 16  ";"-";"Аптека Планета Здоровья ООО ЧИП";"после постановки срабатывает сигнализация 79167080240";"ковалев 24.06";"назначено";"-";"-";"54.8437533";"38.2451359";"-";"-";"-";"-";"-";"-";"-";"-"
"23.06.2025";"138052";"Москва вн тер г муниципальный округ Бутырский проезд Огородный 16/1 стр 3";"Бутырская";"Кофейня Дринкит ООО Пей кофе";"с 22.06 отсутс 220,потеря связи";"попов 25.06.25 ";"назначено";"-";"-";"55.8156761";"37.6001848";"-";"-";"-";"-";"-";"-";"-";"-"
"23.06.2025";"90943";"МО г Красногорск бульвар Подмосковный 10";"-";"Аптека Планета Здоровья ООО Истра";"Был потоп , в прибор попала вода , прибор ОС издаепт звуки , срочно ждут техника 79017290978";"терехов 25.06";"назначено";"-";"-";"55.8211774";"37.3706423";"-";"-";"-";"-";"-";"-";"-";"-"
"24.06.2025";"137057";"Москва ул Большая Дорогомиловская 8";"Киевская";"Магазин одежды Лук онлайн ООО Нью Лайн";"964 636-94-48 Аня 0-19 проблемы постанов";"-";"-";"-";"-";"55.7461637";"37.5643512";"-";"-";"-";"-";"-";"-";"-";"-"
"24.06.2025";"139059";"Москва ул Большая Очаковская 10 к 1 (55.688659, 37.463035)";"Аминьевская";"Ломбард ООО Авто Ломбард Эквивалент";"0-6 шл многократно (звуковая)";"ковалев 24.06";"назначено";"-";"-";"55.68872529999999";"37.4630358";"-";"-";"-";"-";"-";"-";"-";"-"
"24.06.2025";"192264";"МО г Пушкино ул Вокзальная 1 с 2 (56.012863, 37.840786)";"-";"Табачный магазин Дым ИП Гаврил Наталия";"79680173412/потеря связи";"срочно ! пропаадет со связи ! вчера только смонтировали ";"-";"-";"-";"55.965278";"37.9058909";"-";"-";"-";"-";"-";"-";"-";"-"
"24.06.2025";"136827";"Москва поселение Марушкинское деревня Крекшино коттеджный поселок Крекшино ул Клубничная 275";"Аэропорт Внуково";"Частный дом Шевчук В Р";"20 шл неисправность - 79262047790";"терехов 25.06";"назначено";"-";"-";"55.600227";"37.1104437";"-";"-";"-";"-";"-";"-";"-";"-"
"24.06.2025";"1232";"Москва ул Деловая 11 стр 10 помещение 10-2";"Кантемировская";"Склад магазин 3 ООО Спутниковая компания";"79251579033Щд 15";"-";"-";"-";"-";"55.6324061";"37.6424794";"-";"-";"-";"-";"-";"-";"-";"-"
"24.06.2025";" 22126";"Москва ул Просторная 14 кор 1 ";"Преображенская площадь";"Магазин Авоська ";"неисправности.потери связи по многим датчикам ";"-";"-";"-";"-";"55.805772";"37.723706";"-";"-";"-";"-";"-";"-";"-";"-"
"24.06.2025";"1810";"Одинцовский район д Скоротово СНТ Черемуха 1 (55.686100, 36.910114)";"-";"Коттедж Китаев П В";"нкс";"-";"-";"-";"-";"55.6820689";"36.9103208";"-";"-";"-";"-";"-";"-";"-";"-"
"24.06.2025";"132987";"Москва ул Профсоюзная 15";"Профсоюзная";"Пекарня Хлебница ИП Попаз С С";"батарейки сели";"-";"-";"-";"-";"55.6790647";"37.5653648";"-";"-";"-";"-";"-";"-";"-";"-"
"24.06.2025";"131321";"Москва ул Олонецкая 4 подъезд 9 пом 21";"Ботанический сад";"Медицинская лаборатория Гемотест ООО Голден";"батарейки сели";"попов 25.06";"назначено";"-";"-";"55.8523159";"37.6194268";"-";"-";"-";"-";"-";"-";"-";"-"
"24.06.2025";"130686";"Москва ул Кантемировская 59 А";"Кантемировская";"Склад 1  ООО Русский Розничный Холдинг";"ЛИЧНЫЙ КАБИНЕТ : Трудности с постановкой снятием";"-";"-";"-";"-";"55.6365919";"37.644587";"-";"-";"-";"-";"-";"-";"-";"-"
"24.06.2025";"130150";"Москва ул Березовая Аллея 17 корпус 2";"Ботанический сад";"Салон красоты Топ Найлз ИП Макарова М А";"нкс";"попов 25.06";"-";"-";"-";"55.8494841";"37.6196091";"-";"-";"-";"-";"-";"-";"-";"-"
"24.06.2025";"132723";"МО г Люберцы ул Попова 1";"Люберцы";"Ресторан Солнечный берег ООО Валивер";"батарейки сели";"-";"-";"-";"-";"55.6958873";"37.8908402";"-";"-";"-";"-";"-";"-";"-";"-"
"24.06.2025";"46685";"МО г Лыткарино 3 квартал 23";"Лыткарино";"Стоматология ООО Бэлль";"ППК и связь : Потеря связи с ППК";"-";"-";"-";"-";"55.5978086";"37.8816763";"-";"-";"-";"-";"-";"-";"-";"-"
"24.06.2025";"134778";"МО г Лобня ул Маяковского 1 Б";"Лобня";"Кафе Блин Бери ИП Сухова С Л";"Проблемы 220 : Разряд АКБ";"-";"-";"-";"-";"56.0125332";"37.4836799";"-";"-";"-";"-";"-";"-";"-";"-"
"24.06.2025";"133091";"МО г Котельники ул Строителей 5";"Котельники";"Нежилое помещение Галой М Д";"Проблемы 220 : Разряд АКБ";"-";"-";"-";"-";"55.668348";"37.8566165";"-";"-";"-";"-";"-";"-";"-";"-"
"24.06.2025";"138219";"Москва м о Раменки ул Лобачевского 120 к 1";"Аминьевская";"Кафе Матес ООО Дом Друзей";"19 шл";"-";"-";"-";"-";"55.69496650000001";"37.4703167";"-";"-";"-";"-";"-";"-";"-";"-"
"24.06.2025";"133957";" Видное ул Ольховая 2 А/1";"Видное";"Магазин Инструменты все для сварки";"нет постановок с 22 числа ";"Ковалев 24.06";"назначено";"-";"-";"55.5461706";"37.7223975";"-";"-";"-";"-";"-";"-";"-";"-"
"24.06.2025";"136844";"МО г Подольск ул 65 летия Победы 12";"-";"Аптека ФармЛенд ООО Аптека Экономия 2";"акб";"ковалев 24.06";"назначено";"-";"-";"55.4200233";"37.4798503";"-";"-";"-";"-";"-";"-";"-";"-"
"24.06.2025";"136148";"Москва Б Семеновская 11 строение 1";"Электрозаводская";"Бар Инкогнито ООО Артсоюз терра Инкогнито";"ктс не проходит, ждут техника для проверки 79268738024, работают не каждый день, предварительно связаться";"-";"-";"-";"-";"55.7828495";"37.7034618";"-";"-";"-";"-";"-";"-";"-";"-"
"25.06.2025";"1693";"Москва шоссе Энтузиастов 53";"Новогиреево";"Детская художественная школа ДХШ им И Е Репина ГБУДО г Москвы";"пульт неисправен , не могут снять 79036856849";"-";"-";"-";"-";"55.7738202";"37.8259462";"-";"-";"-";"-";"-";"-";"-";"-"
"25.06.2025";"310117";"пос Крекшино ул Клубничная 224";"-";"Коттедж Бутковская С А";"хоз просит техника срочно, давно ждёт никто не приезжал, нет связи с объектом";"-";"-";"-";"-";"55.5949697";"37.1077157";"-";"-";"-";"-";"-";"-";"-";"-"
"25.06.2025";"139214";"МО г Дзержинский ул Лермонтова 42 (55.628449, 37.857881)";"-";"Ломбард ООО Ломбард Аквамарин";"неиспр 0-8 + 0-4, звуковая";"-";"-";"-";"-";"55.6285353";"37.8578042";"-";"-";"-";"-";"-";"-";"-";"-"
