п/н";"Объект";"Адрес";"Округ";"Компания";"Менеджер";"Период обслуживания";"Latitude";"Longitude";"Дата последнего ТО"
"нет";"ООО «ДжиДжиКо» (Коворкинг)";"Москва  ул 1-я Машиностроения, д. 4, к. 3 ";"ЮВАО";"Технологии Безопасности";"Епуре А.А.";"КВ";"55.713451";"37.668695";"-"
"137359";"ООО «ВОСХОД»/ Пекарня Буханка";"Люберцы, ул Солнечная, д. 2";"ЮВАО";"Гранит";"Ткаченко В.Н.";"КВ";"55.6808134";"37.8887253";"-"
"90071";"ИП Кедров , магазины пиво, зоо, прочее";"Москва, ул. Люблинская 163/1";"ЮВАО";"Гранит";"Супонников М.С.";"КВ";"55.6511856";"37.7447688";"19.04.2024"
"91421";"М-н «Красное белое»";"пгт. Белоозерский, ул. Коммунальная 20";"ЮВАО";"Нева-Технологии";"Сергеев С.В.";"кв";"55.4586518";"38.45300599999999";"-"
"137035";"ООО «ВсеИнструменты.ру»/Пункт выдачи ""Всеинструменты""";"Дзержинский, ул Лесная, д. 18Б";"ЮВАО";"Гранит";"Ткаченко В.Н.";"КВ";"55.62923079999999";"37.8653075";"25.05.2024"
"136890";"ООО «Гард-НН»/(компьютерный клуб)";"Москва ул Нижегородская, д. 2, к. 1";"ЮВАО";"Технологии Безопасности";"Гусев П.И.";"КВ";"55.7386351";"37.6743021";"-"
"137189";"ООО «Гард-НН»/(компьютерный клуб)";"Москва ул Братиславская, д. 14";"ЮВАО";"Технологии Безопасности";"Гусев П.И.";"КВ";"55.6591734";"37.7547609";"-"
"137013";"ООО «Мой Ломбард»/Ломбард";"Москва,ул.Маршала Чуйкова,д.4";"ЮВАО";"Технологии Безопасности";"Михно С.С.";"КВ";"55.7043018";"37.7635237";"03.05.2024"
"194119";"ООО ""ФУДСЕРВИС";"Люберцы дп. Красково,д. Мотюково,д.59,стр.19";"ЮВАО";"Эсток-Сервис";"Михно С.С.";"КВ";"55.6998806";"38.0042029";"03.06.2024"
"№ 728ТБ";"ИП Субботин Роман Александрович/Магазин Фейерверки";"Люберцы Октябрьский пр-кт, дом № 366";"ЮВАО";"Технологии Безопасности";"Михно С.С.";"КВ";"55.6623738";"37.9107084";"19.06204"
"136612";"ООО «АПТЕЧНЫЙ СКЛАД «ПОДМОСКОВЬЕ», аптека";"Москва г, Генерала Кузнецова ул, дом № 12";"ЮВАО";"Гранит";"Епуре Ю.В.";"КВ";"55.685148";"37.8555913";"-"
"130794";"ООО «ВсеИнструменты.ру», Пункт выдачи «Все Инструменты»";"Рязань, ул. Гагарина, д. 36";"ЮВАО";"Гранит";"Ткаченко В.Н.";"КВ";"54.617742";"39.7296082";"-"
"131481";"ООО ""ВСЕИНСТРУМЕНТЫ.РУ"" Магазин «Все Инструменты»";"Рязань г, Грибоедова ул, дом № 14";"ЮВАО";"Гранит";"Ткаченко В.Н.";"КВ";"54.6298704";"39.7630646";"-"
"132778";"ООО «ВсеИнструменты.ру»/Пункт выдачи ""Всеинструменты""";"Рязань Новоселов ул, дом № 45, корпус 1";"ЮВАО";"Гранит";"Ткаченко В.Н.";"КВ";"54.6086529";"39.8098231";"-"
"131220";"Литвиненко Д.И. (Магазин «Выгодный Комиссионный»)";"Егорьевск Советская ул, дом 160А";"ЮВАО";"Гранит";"Христенко Е.";"КВ";"55.3835354";"39.0350242";"-"
"133643";"ГОСУДАРСТВЕННОЕ КАЗЕННОЕ УЧРЕЖДЕНИЕ ДОПОЛНИТЕЛЬНОГО ПРОФЕССИОНАЛЬНОГО ОБРАЗОВАНИЯ ""УЧЕБНО-МЕТОДИЧЕСКИЙ ЦЕНТР ПО ГРАЖДАНСКОЙ ОБОРОНЕ И ЧРЕЗВЫЧАЙНЫМ СИТУАЦИЯМ ГОРОДА МОСКВЫ""";"Москва Мариупольская ул, дом 4";"ЮВАО";"Нева-2";"Шагров Д.Д.";"М";"55.6744847";"37.7416302";"22.05.2024"
"133642";"ГОСУДАРСТВЕННОЕ КАЗЕННОЕ УЧРЕЖДЕНИЕ ДОПОЛНИТЕЛЬНОГО ПРОФЕССИОНАЛЬНОГО ОБРАЗОВАНИЯ ""УЧЕБНО-МЕТОДИЧЕСКИЙ2 ЦЕНТР ПО ГРАЖДАНСКОЙ ОБОРОНЕ И ЧРЕЗВЫЧАЙНЫМ СИТУАЦИЯМ ГОРОДА МОСКВЫ""";"Москва Ферганская ул, дом 12";"ЮВАО";"Нева-2";"Шагров Д.Д.";"М";"55.708141";"37.8087";"20.11.2024"
"Больница";"ГБУЗ МО МОЦОМД (аптека) КХН 1 этаж стационарное отделение 2, детская больница";"Люберцы, Октябрьский проспект 338";"ЮВАО";"Нева-2";"Дубовик А.";"М";"55.664401";"37.904297";"19.65.2024"
"131924";"ГБУЗ МО "" МОЦОМД""/Стационарное отд. №2 -Детская больница- приёмное отд-стол справок";"Люберцы Октябрьский проспект 338";"ЮВАО";"Нева-2";"Дубовик А.";"М";"55.664401";"37.904297";"19.06.2024"
"131923";"ГБУЗ МО "" МОЦОМД""/Стационарное отд. №1 -Родильный дом- гинекологическое отд";"Люберцы ул. Мира с.6";"ЮВАО";"Нева-2";"Дубовик А.";"М";"55.6606537";"37.9101289";"19.06.2024"
"131922";"ГБУЗ ГБУЗ МО "" МОЦОМД""/ Детская поликлиника 1";"Люберцы ул. Побратимов д.11 корп.1";"ЮВАО";"Нева-2";"Дубовик А.";"М";"55.6940416";"37.8976836";"29.05.2024"
"131919";"ГБУЗ МО "" МОЦОМД""/Стационарное отд. №1 -Родильный дом- приёмное отд";"Люберцы ул. Мира с.6";"ЮВАО";"Нева-2";"Дубовик А.";"М";"55.6606537";"37.9101289";"19.06.2024"
"131920";"ГБУЗ МО "" МОЦОМД""/ Женская консультация №2";"Люберцы ул. Толстого д.19а";"ЮВАО";"Нева-2";"Дубовик А.";"М";"55.7016742";"37.8997336";"29.05.2024"
"131921";"ГБУЗ МО "" МОЦОМД""/ Женская консультация №1";"Люберцы ул. Красноармейская д.5";"ЮВАО";"Нева-2";"Дубовик А.";"М";"55.6784537";"37.8888419";"19.06.2024"
"131954";"ООО Альфа-М магзин КБ";"Москва Братиславская ул, дом № 13, корпус 1";"ЮВАО";"Нева-Технологии";"Сергеев С.В.";"КВ";"55.6592683";"37.760371";"17.04.2024"
"91041";"ООО Дресс код Братиславская";"Москва, Братиславская 13к1";"ЮВАО";"Технологии Безопасности";"Епуре А.А.";"КВ";"55.6611486";"37.7602582";"17.04.2024"
"131565";"ООО «Дистрибьюция Доступа Д2», нежилое помещение";"Москва Перерва ул, д. 52";"ЮВАО";"Гранит";"Супонников М.С.";"КВ";"55.6568117";"37.7450316";"17.04.2024"
"ТО№466ТБ";"ООО ""МЕЖРЕГИОНОПТОРГ»/офисные площади, сдаются в аренду";"Москва Новочеркасский б-р, дом 47";"ЮВАО";"Технологии Безопасности";"Епуре А.А.";"КВ";"55.6500083";"37.7387154";"17.04.2024"
"93098";"Аптека ""Планета Здоровья""";"Москва, Новочеркасский бульвар 55";"ЮВАО";"Гранит";"Пряшников Д.Ю.";"КВ";"55.64833429999999";"37.7419043";"22.05.2024"
"90897";"ООО «БМБ Компани» (Представительство ООО ""БМБ Компани";"Москва Люблинская ул, дом № 113";"ЮВАО";"Технологии Безопасности";"Христенко Е.";"КВ";"55.673169";"37.7395127";"17.04.2024"
"84104";"ООО «БизнесЭстейт» Медицинский центр";"Москва, Марьинский бульвар, 4";"ЮВАО";"Аллигатор";"Ахметвалиева В.";"КВ";"55.6475812";"37.749615";"-"
"135222";"ООО «ОФ ВАЙТ» (Офис – склад «ОФ ВАЙТ»)";"Люберцы Комсомольский пр-кт, дом 16/2";"ЮВАО";"Технологии Безопасности";"Христенко Е.";"КВ";"55.6907387";"37.9061323";"-"
"131870";"ООО ""Здравник""/Аптека Планета Здоровья";"Дзержинский Поклонная дом № 3 А";"ЮВАО";"Гранит";"Пряшников Д.Ю.";"КВ";"55.6326018";"37.8503572";"25.05.2024"
"133745";"ООО ВКУСНО, Пекарня «Буханка»";"Котельники , ул.Сосновая , 5";"ЮВАО";"Гранит";"Ткаченко В.Н.";"КВ";"55.67378919999999";"37.8568797";"31.05.2024"
"136097";"ООО «ОФ ВАЙТ» (Офис – склад «ОФ ВАЙТ»";"Люберцы Гагарина пр-кт, дом 3/8";"ЮВАО";"Технологии Безопасности";"Христенко Е.";"КВ";"55.6867551";"37.9067789";"03.02.2024"
"131788";"ООО «Альфа» аптека Планета Здоровья";"Москва ул. Покровская д 31";"ЮВАО";"Гранит";"Пряшников Д.Ю.";"КВ";"55.760679";"37.6496026";"05.02.2024"
"132943";"ИП Черевань Алла Шамильевна детский сад";"Люберцы, ул. Преображенская, д. 13";"ЮВАО";"Гранит";"Сергеев Н.Р.";"КВ";"55.683331";"37.9103177";"24.01.2024"
"134162";"ООО «ВОСХОД»/ Пекарня Буханка";"Москва Люблинская ул, дом 76, корпус 4";"ЮВАО";"Гранит";"Ткаченко В.Н.";"КВ";"55.6675209";"37.7386621";"01.04.2024"
"132314";"ООО «ДАР-М» (Медицинский центр «LAB QUEST»)";"Москва Авиаконструктора Миля ул, дом 8";"ЮВАО";"Гранит";"Христенко Е.";"КВ";"55.6846846";"37.8531582";"05.06.2024"
"132824";"ИП Кашитский Руслан Иванович (Гастроном)";"Москва, ул. Авиаконтсруктора Миля, д. 8, корп. 1";"ЮВАО";"Гранит";"Христенко Е.";"КВ";"55.6845262";"37.8533973";"24.04.2024"
"136065";"ИП Семенкова Екатерина Александровна/(«Маковка»";"Люберцы Преображенская ул, дом 4";"ЮВАО";"Технологии Безопасности";"Рощин С.С.";"КВ";"55.6848855";"37.9099775";"31.05.2024"
"133352\133760";"ООО «МОНДИАРА»/офис";"Москва Привольная ул, дом 65/32";"ЮВАО";"Технологии Безопасности";"Михно С.С.";"КВ";"55.681677";"37.8481622";"06.06.2024"
"131669";"ООО «Доктор Ф» Медицинский центр «Доктор Ф»";"Москва, ул. Татьяны Макаровой, д.4";"ЮВАО";"Гранит";"Чиграй А.С.";"КВ";"55.71017029999999";"37.8890989";"24.04.2024"
"133266";"ООО""ВераМед"" /медицинский центр """;"Москва Трофимова ул, дом 31";"ЮВАО";"Гранит";"Моторин А.";"КВ";"55.7028379";"37.6820836";"05.06.2024"
"131952";"ООО Альфа-М магзин КБ";"Москва Южнопортовая ул, дом № 16";"ЮВАО";"Нева-Технологии";"Сергеев С.В.";"КВ";"55.7038253";"37.7028892";"05.06.2024"
"71029";"Красное Белое";"Москва, Подъемный пер. 1";"ЮВАО";"Нева-Технологии";"Сергеев С.В.";"КВ";"55.7375712";"37.7044304";"31.05.2024"
"134102";"ООО «Система»/Пекарня Буханка";"Москва Михайлова ул, дом 30А, корпус 4";"ЮВАО";"Гранит";"Ткаченко В.Н.";"КВ";"55.7248995";"37.7735458";"02.04.2024"
"134475";"ООО «Система»/Пекарня Буханка";"Москва Михайлова ул, дом № 30а, корпус 5";"ЮВАО";"Гранит";"Ткаченко В.Н.";"КВ";"55.7252517";"37.7740529";"02.04.2024"
"136134";"ИП Львов Евгений Александрович, Кладовка ""СКЛАДНО""";"Москва,район Капотня,5-й квартал,д.11,с.2";"ЮВАО";"Технологии Безопасности";"Гаук Е.М.";"КВ";"55.631688";"37.79567";"15.12.2023"
"132269";"ООО ""Авоська-два"" магазин Авоська";"Москва Шоссейная ул, дом № 4, корпус 3";"ЮВАО";"Аллигатор";"Певзнер Ю.А.";"КВ";"55.6839229";"37.7241668";"-"
"132726";"ООО «Альтернатива» (Стоматология";"Москва Гурьянова ул, дом № 4, корпус 1";"ЮВАО";"Гранит";"Мозговой И.В.";"КВ";"55.6827741";"37.7186822";"-"
"ТО№249ТБ";"ООО «МЕДСТАРС» (Коммерческое помещение)";"Москва Сайкина ул, дом 1/2";"ЮВАО";"Гранит";"Калиниченко А.С.";"КВ";"55.708807";"37.669236";"-"
"1136";"ООО «ТЕРРИТОРИЯ», магазин охоты (СКЛАД)";"Москва Сайкина ул, дом № 9/1";"ЮВАО";"Гранит";"Супонников М.С.";"КВ";"55.7060057";"37.6670347";"-"
"132087";"ООО Альфа-М магзин КБ";"Москва Ставропольская ул, дом № 15";"ЮВАО";"Нева-Технологии";"Сергеев С.В.";"КВ";"55.6818966";"37.774046";"-"
"137702";"Закарян Ален Левикович/ Магазин «Шаурма. Табак. Разливное Пиво. Химчистка «Диана»";"Москва Юных Ленинцев ул, дом 3";"ЮВАО";"Технологии Безопасности";"Христенко Е.";"КВ";"55.6995884";"37.736044";"-"
"ТО3574";"ИП Мешалкина Л.И./Пекарня ""Буханка""";"Москва, Васильцовский стан 7/1";"ЮВАО";"Гранит";"Сергеев Н.Р.";"КВ";"55.71490799999999";"37.75005700000001";"-"
"134881";"ООО «РЕСУРС-3» (Гастроном)";"Москва Зеленодольская ул, дом № 10/14";"ЮВАО";"Технологии Безопасности";"Христенко Е.";"КВ";"55.7107267";"37.7757621";"-"
"93260";"ООО Гастрономия";"Москва, Зеленодольская улица 32/3";"ЮВАО";"Гранит";"(пусто)";"КВ";"55.71053209999999";"37.7690776";"-"
"132428";"ООО Альфа-М магзин КБ";"Москва Люблинская ул, дом № 54/3";"ЮВАО";"Гранит";"Сергеев С.В.";"КВ";"55.673169";"37.7395127";"-"
"132867";"ООО «Восход»/Пекарня Буханка";"Москва Люблинская ул, дом № 78, корпус 3";"ЮВАО";"Гранит";"Ткаченко В.Н.";"КВ";"55.673169";"37.7395127";"-"
"134879";"ООО «Вкусно»/Пекарня Буханка";"Москва Донецкая ул, дом 34, корпус 3";"ЮВАО";"Гранит";"Ткаченко В.Н.";"КВ";"55.6437903";"37.70245389999999";"-"
"134069";"ООО «Система»/Пекарня Буханка";"Москва Донецкая ул, дом 34, корпус 1";"ЮВАО";"Гранит";"Ткаченко В.Н.";"КВ";"55.6454605";"37.7040595";"-"
"91340";"ООО Альфа-М «Красное белое»";"Москва, ул. Шоссейная 39";"ЮВАО";"Нева-Технологии";"Сергеев С.В.";"КВ";"55.6763057";"37.7234607";"-"
"132430";"ООО Альфа-М магзин КБ";"Москва Люблинская ул, дом № 107/10";"ЮВАО";"Гранит";"Сергеев С.В.";"КВ";"55.673169";"37.7395127";"-"
"136532";"ИП Овсянников Сергей Викторович (Кафе «VЛаVаше, СтритФуд, Шаверма, 24/7»)";"Москва г, Люблинская ул, дом 78 корпус 2";"ЮВАО";"Технологии Безопасности";"Христенко Е.";"КВ";"55.6620819";"37.73060359999999";"-"
"133517";"ООО «Вкусно»/ Пекарня Буханка";"Москва г, Волгоградский пр-кт, дом 32/3 к.1";"ЮВАО";"Гранит";"Ткаченко В.Н.";"КВ";"55.72211129999999";"37.688887";"-"
"90590";"ПАРТНЁР ООО, Кафе-бар ""ВЖАРИМ""";"Люберцы, пр-д. Волковский, 4";"ЮВАО";"Гранит";"Хорзов С.В.";"КВ";"55.67768599999999";"37.90089070000001";"-"
"1459";"ООО «РЕНТ ЦЕНТРАЛЬ»/ Ломбард Лига";"Москва Шоссейная ул, дом 4, корпус 1";"ЮВАО";"Гранит";"Пряшников Д.Ю.";"КВ";"55.692045";"37.727372";"-"
"1463";"«РЕНТ ЦЕНТРАЛЬ»/ Ломбард Благо";"Москва Волгоградский пр-кт, дом 119/22";"ЮВАО";"Гранит";"Пряшников Д.Ю.";"КВ";"55.706453";"37.764458";"-"
"130207";"ИП Шабалина Дарья Леонидовна/Гончарный, Школа Керамики";"Люберцы пр-т Гагарина, д. 26, корп. 1.";"ЮВАО";"Гранит";"Супонников М.С.";"КВ";"55.6917525";"37.9165981";"-"
"ТО № 6006";"ИП Крикунова Алина Александровна/(Пекарня «Буханка»)";"Москва г, Окская ул, дом № 7 А";"ЮВАО";"Гранит";"Мозговой И.В.";"КВ";"55.7138112";"37.7627279";"-"
"130240";"Аптека Столички";"Люберцы Инициативная д 5а";"ЮВАО";"Гранит";"(пусто)";"КВ";"55.68376900000001";"37.898399";"27.05.2024"
"1327";"ИП Долгополова Снежана Владимировна («Bambini-Club» международная сеть частных детских д. садов)";"Люберцы Преображенская ул, дом 6, корпус 2";"ЮВАО";"Гранит";"Сергеев Н.Р.";"КВ";"55.68758";"37.90473";"27.05.2024"
"ТО-978";"ИП Устинов Константин Владимирович";"Люберцы, Комсомольский пр-т 10/1";"ЮВАО";"Гранит";"Пряшников Д.Ю.";"КВ";"55.68861880000001";"37.9045527";"27.05.2024"
"133000";"ООО «Восход»/Пекарня Буханка";"Люберцы Победы пр-кт, дом № 9/20";"ЮВАО";"Гранит";"Ткаченко В.Н.";"КВ";"55.6892879";"37.9124893";"-"
"133702";"ИП Яровой Максим Витальевич/Гостевой дом «ВЕСНА»";"Люберцы. СНТ Зелёная Зона д. 273";"ЮВАО";"Технологии Безопасности";"Чиграй А.С.";"КВ";"55.69877229999999";"37.9177438";"-"
"132338";"ООО ""МЕРИДИАН""/ Аптека Планета Здоровья";"Дзержинский Лесная ул, дом № 18";"ЮВАО";"Гранит";"Пряшников Д.Ю.";"КВ";"55.6438216";"37.886634";"27.05.2024"
"151454";"ООО ""Ориент Сервис Плюс"" магазин ""Авоська""";"Дзержинский, ул. Томилинская д. 7";"ЮВАО";"Аллигатор";"Певзнер Ю.А.";"КВ";"55.6276734";"37.862139";"15.04.2024"
"ТО-471";"ООО «Империя»/Меджик Фитнес";"Дзержинский, ул. Лесная, д. 15а";"ЮВАО";"Гранит";"Калиниченко А.С.";"КВ";"55.63096";"37.86224";"25.05.2024"
"135133";"ООО ""ОЛИМП"" /Аптека Планета Здоровья";"Дзержинский Лесная ул, дом 4";"ЮВАО";"Гранит";"Пряшников Д.Ю.";"КВ";"55.64489469999999";"37.8888959";"25.05.2024"
"ТО-998";"ООО «РЕНТ ЦЕНТРАЛЬ»/ Ломбард Благо";"Дзержинский Поклонная ул, дом 3А";"ЮВАО";"Гранит";"Пряшников Д.Ю.";"КВ";"55.632102";"37.847884";"-"
"134516";"ООО «Система»/Пекарня Буханка";"Москва, ул. Цимлянская, 3 , к.2";"ЮВАО";"Гранит";"Ткаченко В.Н.";"КВ";"55.67015259999999";"37.7728196";"-"
"ТО-997";"ООО «РЕНТ ЦЕНТРАЛЬ»/ Ломбард ""Лига";"Москва Краснодарская ул, дом 57, корпус 3";"ЮВАО";"Гранит";"Пряшников Д.Ю.";"КВ";"55.6762502";"37.7703282";"-"
"46723";"ИП Ким Дмитрий Леонидович (Сеть магазинов суши «СУШИ СТОР»";"Москва Краснодарская ул, дом 57, корпус 3";"ЮВАО";"Гранит";"Калиниченко А.С.";"КВ";"55.6762502";"37.7703282";"-"
"91870";"ИП Данилов Андрей Николаевич";"Люберцы, с.п. Малаховка, ул. Рельсовая, дом 3 а";"ЮВАО";"Гранит";"Рощин С.С.";"КВ";"55.64436550000001";"38.0092668";"-"
"90112";"Магазин """"Ассортида"""", ООО ""КОМЕТА""";"Малаховка, Рельсовая 3а";"ЮВАО";"Гранит";"Рощин С.С.";"КВ";"55.64436550000001";"38.0092668";"-"
"93374";"ИП Кузнецов, парикмахерская Цирюльникъ";"Москва, Святоозерская 14, пом. 4";"ЮВАО";"Технологии Безопасности";"Михно С.С.";"КВ";"55.713345";"37.8870854";"-"
"133484";"ООО «ВсеИнструменты.ру»";"Москва Наташи Качуевской ул, дом 5";"ЮВАО";"Гранит";"Ткаченко В.Н.";"КВ";"55.713232";"37.878357";"-"
"131745";"ООО ""Спот""/аптека Планета Здоровья";"Москва Дмитриевского ул, дом № 1";"ЮВАО";"Гранит";"Пряшников Д.Ю.";"КВ";"55.7090454";"37.8877121";"-"
"133237";"ООО «ВсеИнструменты.ру»/Пункт выдачи ""Всеинструменты""";"Люберцы Красково дп, Карла Маркса ул, дом 1/1";"ЮВАО";"Гранит";"Ткаченко В.Н.";"КВ";"55.65711169999999";"37.9827659";"-"
"91870";"ИП Данилов Андрей Николаевич";"Люберцы, с.п. Малаховка, ул. Рельсовая, дом 3 а";"ЮВАО";"Гранит";"Рощин С.С.";"КВ";"55.64436550000001";"38.0092668";"-"
"134587";"ООО «Система»/Пекарня Буханка";"рп.Красково , Егорьевское ш., 1к2";"ЮВАО";"Гранит";"Ткаченко В.Н.";"КВ";"55.6656037";"38.0001644";"-"
"133563";"ООО ""Лето"" /Аптека Планета Здоровья";"Красково п, Люберецкий район, Карла Маркса ул, дом 61";"ЮВАО";"Гранит";"Пряшников Д.Ю.";"КВ";"55.65711169999999";"37.9827659";"-"
"133122";"ООО ""ВЕРБЕНА"" /аптека Планета Здоровья";"Люберцы Мирный мкр, Академика Северина ул , дом 5, корпус 1";"ЮВАО";"Гранит";"Пряшников Д.Ю.";"КВ";"55.6808134";"37.8887253";"-"
"131122";"ООО «Бердтишфмед», / Медицинская клиника «МедСэф»)";"Люберцы, пос. Мирный, ул. Свободы, д. 3";"ЮВАО";"Гранит";"Чиграй А.С.";"КВ";"55.6808134";"37.8887253";"-"
"133321";"ООО «Восход»/Пекарня Буханка";"Люберцы 8 Марта ул, дом 18, корпус 1";"ЮВАО";"Гранит";"Ткаченко В.Н.";"КВ";"55.6808134";"37.8887253";"-"
"133321";"ООО «Восход»/Пекарня Буханка";"Люберцы 8 Марта ул, дом 18, корпус 1";"ЮВАО";"Гранит";"Ткаченко В.Н.";"КВ";"55.6808134";"37.8887253";"-"
"133419";"""НЕОФАРМ ТВЕРЬ"" Аптека Планета Здоровья";"Люберцы 8 Марта ул, дом 18 корп. 1";"ЮВАО";"Гранит";"Пряшников Д.Ю.";"КВ";"55.6808134";"37.8887253";"-"
"93389";"ООО ""ПИТ-СТОП СЕРВИС""/АвтоТехЦентр 18";"Люберцы Инициативная ул, дом 50";"ЮВАО";"Технологии Безопасности";"Михно С.С.";"КВ";"55.681911";"37.910568";"-"
"93389";"ООО ""ПИТ-СТОП СЕРВИС""/АвтоТехЦентр 18";"Люберцы Инициативная ул, дом 50";"ЮВАО";"Технологии Безопасности";"Михно С.С.";"КВ";"55.681911";"37.910568";"-"
"131576";"ООО ""Восток"" аптека Планета Здоровья";"Москва Защитников Москвы пр-кт, дом № 9, корпус 1";"ЮВАО";"Гранит";"Пряшников Д.Ю.";"КВ";"55.698453";"37.9163472";"28.05.2024"
"39136";"ООО ""Ориент Сервис Плюс"" магазин ""Авоська""";"Москва, ул. Рождественская 16, к. 3";"ЮВАО";"Аллигатор";"Певзнер Ю.А.";"КВ";"55.7028913";"37.9205685";"-"
"39136";"ООО ""Ориент Сервис Плюс"" магазин ""Авоська""";"Москва, ул. Рождественская 16, к. 3";"ЮВАО";"Аллигатор";"Певзнер Ю.А.";"КВ";"55.7028913";"37.9205685";"-"
"130900";"ООО ""МАРИЛАВ” (Центр косметологии и стоматологии ""МариЛав"")";"Москва Недорубова ул, дом 15";"ЮВАО";"Гранит";"Гаук Е.М.";"КВ";"55.703367";"37.9336895";"-"
"132359";"ИП Соколова Елена Александровна/студия красоты ""Hair Box""";"Москва Недорубова ул, дом № 12";"ЮВАО";"Гранит";"Чиграй А.С.";"КВ";"55.7019329";"37.9293271";"-"
"131026";"ООО Фемилидент";"Москва, Недорубова 10";"ЮВАО";"Гранит";"Гаук Е.М.";"КВ";"55.7009807";"37.9335751";"-"
"ТО-502";"ИП Высокина Марина Геннадьевна, помещение";"Москва, Лавриненко 1";"ЮВАО";"Гранит";"Калиниченко А.С.";"КВ";"55.70178920000001";"37.9431879";"-"
"91932";"Стоматология";"Москва, Покровская 12";"ЮВАО";"Гранит";"Чиграй А.С.";"КВ";"55.7591001";"37.6444543";"-"
"134697";"ИП Рапецкая Зинаида Игоревна («Центр развития ребенка»)";"Москва Васильцовский Стан ул, дом 5, корпус 2";"ЮВАО";"Технологии Безопасности";"Михайлов А .";"КВ";"55.71414100000001";"37.749405";"-"
"132088";"ООО Альфа-М магзин КБ";"Москва Коновалова ул, дом № 5";"ЮВАО";"Гранит";"Сергеев С.В.";"КВ";"55.7295039";"37.7616194";"-"
"132088";"ООО Альфа-М магзин КБ";"Москва Коновалова ул, дом № 5";"ЮВАО";"Гранит";"Сергеев С.В.";"КВ";"55.7295039";"37.7616194";"-"
"132331";"Пункт выдачи ""Всеинструменты";"Москва Рязанский пр-кт, дом № 57/2";"ЮВАО";"Гранит";"Ткаченко В.Н.";"КВ";"55.7191292";"37.7823781";"-"
"84334";"ЗАО МПО Электромонтаж офис";"Москва Паперника, д.7, корп.1";"ЮВАО";"Аллигатор";"Супонников М.С.";"КВ";"55.720302";"37.7853293";"22.05.2024"
"84334";"ЗАО МПО Электромонтаж офис";"Москва Паперника, д.7, корп.1";"ЮВАО";"Аллигатор";"Супонников М.С.";"КВ";"55.720302";"37.7853293";"22.05.2024"
"69715";"ООО «РЕНТ ЦЕНТРАЛЬ»/ Ломбард Благо";"Люберцы Смирновская ул, дом 18/20";"ЮВАО";"Гранит";"Пряшников Д.Ю.";"КВ";"55.68058";"37.895892";"-"
"1100";"ООО « МедАльянс-Рыбинск»/ Инвитро";"Москва Ферганская ул, дом 13, корпус 5";"ЮВАО";"Технологии Безопасности";"Чиграй А.С.";"КВ";"55.70732";"37.813177";"-"
"131052";"ИП Шван Юлия Викторовна (Пекарня «Хлебница»)";"Раменское, ул. Вокзальная, д.4Б";"ЮВАО";"Гранит";"Рощин С.С.";"КВ";"55.5658667";"38.2266917";"-"
"132927";"ООО Смарт Фэмили/зоомагазин PetShop";"Раменское Ногина ул, дом № 2";"ЮВАО";"Гранит";"Моторин А.";"КВ";"55.5671828";"38.2250377";"-"
"132927";"ООО Смарт Фэмили/зоомагазин PetShop";"Раменское Ногина ул, дом № 2";"ЮВАО";"Гранит";"Моторин А.";"КВ";"55.5671828";"38.2250377";"-"
"133398";"ООО «Восход»/ Пекарня Буханка";"Раменское Крымская ул, дом 1";"ЮВАО";"Гранит";"Ткаченко В.Н.";"КВ";"55.5873938";"38.1879692";"-"
"131544";"ООО ""Альфа""/ аптека Планета Здоровья";"Раменское Крымская ул, дом № 1";"ЮВАО";"Гранит";"Пряшников Д.Ю.";"КВ";"55.5873938";"38.1879692";"-"
"133528";"ООО ""Здравник""/Аптека Планета Здоровья";"Раменское Крымская ул, дом 7";"ЮВАО";"Гранит";"Пряшников Д.Ю.";"КВ";"55.5873938";"38.1879692";"-"
"133528";"ООО ""Здравник""/Аптека Планета Здоровья";"Раменское Крымская ул, дом 7";"ЮВАО";"Гранит";"Пряшников Д.Ю.";"КВ";"55.5873938";"38.1879692";"-"
"132275";"ООО ""Планета Здоровья Холдинг"" / Аптека Планета Здоровья";"Раменское Крымская ул, дом № 11";"ЮВАО";"Гранит";"Пряшников Д.Ю.";"КВ";"55.5873938";"38.1879692";"-"
"132777";"ООО ""Реон"" / Аптека Планета Здоровья";"Раменское Космонавтов ул, строение 5";"ЮВАО";"Гранит";"Пряшников Д.Ю.";"КВ";"55.58663620000001";"38.202706";"-"
"132777";"ООО ""Реон"" / Аптека Планета Здоровья";"Раменское Космонавтов ул, строение 5";"ЮВАО";"Гранит";"Пряшников Д.Ю.";"КВ";"55.58663620000001";"38.202706";"-"
"ТО № 246ТБ";"ИП Ераносян Анаит Мнацакановна /Хостел Медуза";"Котельники 2-й покровский проезд д.4 к.2";"ЮВАО";"Технологии Безопасности";"Сергеев Н.Р.";"КВ";"55.66041809999999";"37.855341";"-"
"ТО№ 5986";"Акобян Арман Серобович Салон красоты «СЮЗАН»";"Котельники 2-й Покровский проезд, дом № 10";"ЮВАО";"Гранит";"Гаук Е.М.";"КВ";"55.6612807";"37.8523323";"-"
"ТО№ 246ТБ";"ИП Ераносян Анаит Мнацакановна /Хостел";"Котельники, 2-й Покровский проезд, д. 14, к. 1";"ЮВАО";"Технологии Безопасности";"Сергеев Н.Р.";"КВ";"55.663608";"37.858233";"-"
"ТО-№ 246ТБ";"ИП Ераносян Анаит Мнацакановна /Хостел";"Котельники, 2-й Покровский проезд, д. 14, к. 2";"ЮВАО";"Технологии Безопасности";"Сергеев Н.Р.";"КВ";"55.663539";"37.856815";"-"
"ТО-475";"Окей Инглиш, ИП Пышнов";"Котельники, 2й Покровский проезд 14/2";"ЮВАО";"Гранит";"(пусто)";"КВ";"55.6634355";"37.8567191";"-"
"133091";"Галой Михаил Дмитриевич (Нежилое помещение)";"Котельники Строителей ул, дом № 5";"ЮВАО";"Гранит";"Гаук Е.М.";"КВ";"55.6683743";"37.8582008";"-"
"133091";"Галой Михаил Дмитриевич (Нежилое помещение)";"Котельники Строителей ул, дом № 5";"ЮВАО";"Гранит";"Гаук Е.М.";"КВ";"55.6683743";"37.8582008";"-"
"134589";"ООО «Система»/Пекарня Буханка";"Котельники г, Строителей ул, дом № 5";"ЮВАО";"Гранит";"Ткаченко В.Н.";"КВ";"55.6532044";"37.8613222";"-"
"134589";"ООО «Система»/Пекарня Буханка";"Котельники г, Строителей ул, дом № 5";"ЮВАО";"Гранит";"Ткаченко В.Н.";"КВ";"55.6532044";"37.8613222";"-"
"-";"-";"-";"ЮВАО";"Технологии Безопасности";"Чиграй А.С.";"-";"-";"-";"-"
"93345";"нотариус Семёнов";"Котельники, ул. Новая 14";"ЮВАО";"Технологии Безопасности";"Михно С.С.";"КВ";"55.6630762";"37.8729721";"-"
"134139";"ООО ""Мамила""/Аптека ""ФармЛенд""";"Котельники Парковый мкр., дом 1, корпус 5";"ЮВАО";"Технологии Безопасности";"Гунин В.В.";"КВ";"55.6532044";"37.8613222";"-"
"134602";"ООО «ВсеИнструменты.ру»/Пункт выдачи ""Всеинструменты""";"Котельники Железнодорожная ул, дом № 3с1";"ЮВАО";"Гранит";"Ткаченко В.Н.";"КВ";"55.6560414";"37.8659702";"-"
"133536";"ООО ""Лето"" /Аптека Планета Здоровья";"Котельники Силикат мкр., дом 6А";"ЮВАО";"Гранит";"Пряшников Д.Ю.";"КВ";"55.6497008";"37.8584646";"-"
"ТО№ 489ТБ";"Пигарева Марина Евгеньевна, салон красоты";"Люберцы 8 Марта ул, дом 32";"ЮВАО";"Технологии Безопасности";"Епуре А.А.";"КВ";"55.6808134";"37.8887253";"-"
"134251";"ИП Вирабян Рузанна Вирабовна (Магазин «Всё для дома и Ремонта»)";"Люберцы Некрасовский проезд 4";"ЮВАО";"Технологии Безопасности";"Кузнецов М.";"КВ";"55.7078351";"37.9521905";"-"
"90272";"ООО Фармацена аптека";"Люберцы Барыкина 4";"ЮВАО";"Эсток-Сервис";"Михно С.С.";"КВ";"55.7075576";"37.9563155";"-"
"134588";"ООО «Система»/Пекарня Буханка";"Люберцы , ул.Камова , 9к1";"ЮВАО";"Гранит";"Ткаченко В.Н.";"КВ";"55.704807";"37.8717989";"-"
"133405";"ООО ""Здравник""/Аптека Планета зЗдоровья";"Люберцы Камова ул , дом 7, корпус 1";"ЮВАО";"Гранит";"Пряшников Д.Ю.";"КВ";"55.6982691";"37.9570052";"-"
"92212";"ИП Намазов А.А. Оглы/Магазин продуктов “ХАЛЯЛЬ МАРКЕТ”";"Люберцы Камова, дом 5, корпус 1";"ЮВАО";"Технологии Безопасности";"Гаук Е.М.";"КВ";"55.705972";"37.87117";"-"
"136557";"ИП Оганджанян Тадевос Вачикович Крона Маркет";"Люберцы Юности ул, д. 7";"ЮВАО";"Гранит";"Михно С.С.";"КВ";"55.7024182";"37.9092496";"-"
"135255";"ООО «АПТЕЧНЫЙ СКЛАД «ПОДМОСКОВЬЕ», аптека";"Москва Недорубова ул, дом 30";"ЮВАО";"Гранит";"Кириченко Д.";"КВ";"55.70748990000001";"37.93416250000001";"-"
"133359";"ООО ""Альфа""/ аптека Планета Здоровья";"Люберцы Летчика Ларюшина ул 6, корпус 1";"ЮВАО";"Гранит";"Пряшников Д.Ю.";"КВ";"55.6774938";"37.8653394";"-"
"133007";"ООО ""Планета Здоровья Холдинг"" / Аптека Планета Здоровья";"Люберцы Летчика Ларюшина ул, дом 20";"ЮВАО";"Гранит";"Пряшников Д.Ю.";"КВ";"55.6764893";"37.8606366";"-"
"ТО-993";"ООО «ВИС-АКТИВ»/Магазин автозапчастей";"Москва Авиаконструктора Миля ул, дом 15, корпус 1";"ЮВАО";"Гранит";"Химич А.";"КВ";"55.6810291";"37.8576154";"-"
"91920";"Клиника "" Инвитро"", ООО ""МедАльянс-Рыбинск""";"Лыткарино, ул. Первомайская, д.23";"ЮВАО";"Гранит";"Сергеев Н.Р.";"КВ";"55.58549619999999";"37.9005365";"26.05.2024"
"131644";"ИП Иманова А.А. Магазин «ГАСТРОНОМ №1»";"Лыткарино, ул. Колхозная, д. 6, корп. 2";"ЮВАО";"Гранит";"Чиграй А.С.";"КВ";"55.5908704";"37.8872327";"26.05.2024"
"131468";"ООО Парис Магазин Ассортида";"Лыткарино ул.Ленина д. 2Б";"ЮВАО";"Гранит";"Калиниченко А.С.";"КВ";"55.5785255";"37.9100561";"-"
"134669";"ИП Коркин Виктор Михайлович/М-н табачной продукции";"Лыткарино Советская ул, дом 16";"ЮВАО";"Технологии Безопасности";"Спринчан Д.";"КВ";"55.5788942";"37.9037427";"26.05.2024"
"91460/43376";"ООО. ЭНЕРГИЯ (ангар)";"Люберцы, Октябрьский пр-т д 259 Б";"ЮВАО";"Гранит";"Ткаченко В.Н.";"КВ";"55.674373";"37.90564";"-"
"1153";"ИП Тен Ю.Р. Магазин «SushiStore»";"Москва, ул. Рождественская, д. 32";"ЮВАО";"Гранит";"Чиграй А.С.";"М";"55.7013407";"37.9269482";"-"
"91256";"Аптека ""Планета Здоровья""";"Котельники, Сосновая 1к2";"ЮВАО";"Гранит";"Пряшников Д.Ю.";"М";"55.6705672";"37.8549666";"-"
"90701";"Аптека ""Планета Здоровья""";"Москва, ул.Генерала Кузнецова 26/1";"ЮВАО";"Гранит";"Пряшников Д.Ю.";"М";"55.6840641";"37.8533134";"-"
"133115";"ООО «Медицинский центр «Мечта»»";"Москва, ул. Генерала Кузнецова, д.16, к2";"ЮВАО";"Гранит";"Чиграй А.С.";"М";"55.688581";"37.856926";"-"
"93062";"Планета здоровья";"Москва, 2 Карачаровская 1 строение 1";"ЮВАО";"Гранит";"Пряшников Д.Ю.";"М";"55.7347022";"37.752647";"-"
"93064";"Аптека ""Планета Здоровья """;"Москва ул. 5-я Кожуховская д.12";"ЮВАО";"Гранит";"Пряшников Д.Ю.";"М";"55.7050884";"37.6688518";"-"
"131682";"Добрые услуги, Автошкола "" БЭСТ""";"Москва, ул. Ставропольская 50/22";"ЮВАО";"Гранит";"Мозговой И.В.";"М";"55.6814968";"37.7653453";"-"
"93072";"Аптека ""Планета Здоровья""";"Москва, Волгоградский проспект д.63";"ЮВАО";"Гранит";"Пряшников Д.Ю.";"М";"55.70996599999999";"37.7354074";"-"
"44473";"Мини Отель";"Москва, ул. Саратовская 22";"ЮВАО";"Гранит";"(пусто)";"М";"55.716568";"37.7468783";"-"
"91262";"ООО Юнитрейд отель";"Москва, ул. Окская 5/3";"ЮВАО";"Гранит";"Мушкетов Д.";"М";"55.7148283";"37.7566623";"-"
"131285";"ООО ""Восток"" аптека ""Планета Здоровья""";"Москва, ул. Лухмановская, д. 24 А";"ЮВАО";"Гранит";"Пряшников Д.Ю.";"М";"55.722119";"37.9056039";"-"
"93124";"Планета Здоровья";"Москва, Шоссейная 4к1";"ЮВАО";"Гранит";"Пряшников Д.Ю.";"М";"55.6919947";"37.7272971";"-"
"93071";"Аптека ""Планета Здоровья""";"Москва, Волгоградский проспект 80/2";"ЮВАО";"Гранит";"Пряшников Д.Ю.";"М";"55.7062821";"37.7643316";"-"
"131195";"ООО ""Парацельс"", аптека Планета Здоровья";"Москва, ул. Волгоградский проспект, д. 119/22";"ЮВАО";"Гранит";"Пряшников Д.Ю.";"М";"55.706453";"37.764458";"-"
"91021";"Аптека ""Планета Здоровья""";"Белозерский, ул. Молодежная 12";"ЮВАО";"Гранит";"Пряшников Д.Ю.";"М";"-";"-";"-"
"91994";"Склады Магазина рыбалки и охоты ООО Компания Сплав";"п. Марусино,1 А (склад 1) 1 А/5 (склад 2) 1 А/7 (склад 3)";"ЮВАО";"Гранит";"Супонников М.С.";"М";"55.6967108";"37.9744717";"-"
"130607";"аптека Планета Здоровья";"Люберцы, ул. Камова д. 12";"ЮВАО";"Гранит";"Пряшников Д.Ю.";"М";"55.7018035";"37.8739433";"-"
"ТО-925";"ИП Назарова Елена Петровна Ресторан «BURGER CLUB»";"Люберцы, ул. Митрофанова, д.21А";"ЮВАО";"Гранит";"Чиграй А.С.";"М";"55.6948027";"37.8885458";"-"
"90979";"Аптека ""Планета здоровья""";"Люберцы ул. Юности 9";"ЮВАО";"Гранит";"Пряшников Д.Ю.";"М";"55.7032836";"37.9078768";"-"
"90351";"Аптека ""Планета Здоровья""";"Раменское, ул.Чугунова 15/1";"ЮВАО";"Гранит";"Пряшников Д.Ю.";"М";"55.574869";"38.208337";"-"
"90971";"Аптека ""Планета Здоровья""";"Москва, ул. Покровская 16";"ЮВАО";"Гранит";"Пряшников Д.Ю.";"М";"55.75915380000001";"37.6457661";"-"
"90936";"Аптека Планета Здоровья";"Москва, проспект защитников Москвы 10";"ЮВАО";"Гранит";"Пряшников Д.Ю.";"М";"55.7003044";"37.9218379";"-"
"91139";"Магазин ""Сплав""";"Москва, 5-я Кожуховская 12";"ЮВАО";"Гранит";"Супонников М.С.";"М";"55.7050884";"37.6688518";"-"
"ТО-200ТБ";"АО «ТД Шатер-Инвест»/магазин";"Люберцы Котельническая ул, дом 24А";"ЮВАО";"Технологии Безопасности";"Гаврилова А.О.";"М";"55.6685358";"37.88902179999999";"-"
"91043";"Магазин пиротехники";"Москва, ул.Белореченская 36/3";"ЮВАО";"Технологии Безопасности";"Михно С.С.";"КВ";"55.6609269";"37.7764672";"-"
"132429";"ООО Альфа-М магзин КБ";"Москва Перервинский б-р, дом № 15, корпус 1";"ЮВАО";"Нева-Технологии";"Сергеев С.В.";"КВ";"55.6584086";"37.7696384";"-"
"133672";"ООО ""ГРАНТ""/ Аптека Планета Здоровья";"Люберцы Октябрьский рп, Западный мкр., Школьная ул , дом 1";"ЮВАО";"Гранит";"Пряшников Д.Ю.";"КВ";"55.6808134";"37.8887253";"-"
"136590";"ООО «СТРЕЛЬБИЩЕНСКИЙ»Магазин «Пятерочка»";"Котельники Сосновая ул, дом № 5, корпус 1";"ЮВАО";"Технологии Безопасности";"Христенко Е.";"КВ";"55.6727583";"37.8545119";"-"
"137126";"ИП Корнеева Наталья Андреевна/(«Маковка»)";"Москва ул Новохохловская, д. 15, к. 1";"ЮВАО";"Технологии Безопасности";"Рощин С.С.";"КВ";"55.727967";"37.7113939";"-"
"ТО-84";"ООО Л Дизайн";"Москва, ш. Фрейзер, д.17А с3";"ЮВАО";"Гранит";"Гусев П.И.";"КВ";"55.7349997";"37.7364569";"-"
"137124";"ООО «ВсеИнструменты.ру»/Пункт выдачи ""Всеинструменты""";"Москва  проезд Грайвороновский 2-й, д. 44, к. 2";"ЮВАО";"Гранит";"Ткаченко В.Н.";"КВ";"55.726487";"37.747693";"-"
"ТО-66";"ООО «Мезальянс»/Клиника «Инвитро» ,";"Москва Рязанский проспект, д. 93, к. 2";"ЮВАО";"Гранит";"Чиграй А.С.";"КВ";"55.715719";"37.809168";"-"
"134888";"ООО ""РОМАШКИ"", Аптека ""ФармЛенд""";"Москва Совхозная, д. 20";"ЮВАО";"Технологии Безопасности";"Гунин В.В.";"КВ";"55.6807105";"37.7644932";"Новый"
"137534";"ИП Шелег Любовь Вячеславна/«Маковка»";"г Люберцы, ул лётчика Ларюшина, д. 20";"ЮВАО";"Технологии Безопасности";"Рощин С.С.";"КВ";"55.6764893";"37.8606366";"Новый"
"137632";"ООО «ПегасКидс» (Детский центр СмартиКидс)";"Московская обл, г.о. Котельники, г Котельники, Парковый мкрн., д. 1, к. 21,";"ЮВАО";"Нева-Москва ООО";"Хорзов С.В.";"КВ";"55.6532044";"37.8613222";"Новый"
"137676";"ИП Ермаков Сергей Александрович (Маникюрный салон Beauty PRIDE)";" г Жуковский, ул Баженова, д. 4/2";"ЮВАО";"Технологии Безопасности";"Бурлакова Д.М.";"КВ";"55.6083437";"38.0752344";"Новый"
"137675";"ИП Ермаков Сергей Александрович (Кафе Pho Tom)";"г Жуковский, ул Баженова, д. 4/2";"ЮВАО";"Технологии Безопасности";"Бурлакова Д.М.";"КВ";"55.6083437";"38.0752344";"Новый"
"137628";"ИП Журавлева Евгения Александровна, магазин МИНИМАРКЕТ";"г.Котельники,Кузьминская улица,17";"ЮВАО";"Технологии Безопасности";"Сергеев Н.Р.";"КВ";"55.66691580000001";"37.8603242";"Новый"
"№844ТБ";"ООО «Рокет Джамп 1», студия по изготовлению тортиков";"г.Москва,пр-д Южнопортовый 2-й,д.5,к.1";"ЮВАО";"Технологии Безопасности";"Гаук Е.М.";"КВ";"55.783822";"37.667713";"Новый"
"90891";"ООО Драгоценности Урала, ломбард";"г.Лыткарино, ул.Советская,д.12";"ЮВАО";"Гранит";"Гаврилова Анна Олеговна (Епуре А.А)";"КВ";"55.5813526";"37.9037317";"Новый"
"131374";"ООО Аджента Аптека Планета Здоровья";"Москва Маршала Ерёменко ул, д.5к3";"ЮВАО";"Гранит";"Пряшников Д.Ю.";"М";"55.7123354";"37.9459499";"14.05.2024